user_id,called_at,transcript,extracted
c8dfd1f1-14d7-4283-ba30-3cce359097e0,2026-09-01T08:37:24.989248+00:00,Evaluating competitors. Needs proof that GCs actually respond to bids. Requests a customer reference in their region.,"{""intent"": ""evaluate_competitors"", ""objections"": [""unclear_roi"", ""competitor_in_use""], ""buying_stage"": ""decision"", ""sentiment"": ""neutral""}"
c516e394-aae6-487e-a744-aa30b1356d67,2026-09-30T01:53:47.480540+00:00,Frustrated: tenders shown are too large for the company. Asked to filter by project value under 150k EUR.,
50db8e34-938f-4b90-ac08-7d6c04de78f8,2026-09-02T07:48:47.143424+00:00,Evaluating competitors. Needs proof that GCs actually respond to bids. Requests a customer reference in their region.,"{""intent"": ""evaluate_competitors"", ""objections"": [""unclear_roi"", ""competitor_in_use""], ""buying_stage"": ""decision"", ""sentiment"": ""neutral""}"
ca1c3218-c19d-41c5-85e1-8b7797f971d5,2026-10-04T12:05:41.539768+00:00,Very positive call. Won a tender last month through the platform and wants to bring two partner firms. Asked about referral rewards.,
72bb912d-7da6-4785-b63b-4dc3a559e463,2026-09-28T06:38:13.602440+00:00,Frustrated: tenders shown are too large for the company. Asked to filter by project value under 150k EUR.,
5c8ac066-cb2f-4fa3-ac91-3a7ca3404f08,2026-09-11T23:32:44.959536+00:00,Caller says they like the tender alerts for Plumbing in Cologne but did not understand what the paid plan adds. Asked whether unlimited bids are included.,
53958e5c-edd0-4e02-add3-2be929052dd7,2026-09-10T02:54:21.770562+00:00,Evaluating competitors. Needs proof that GCs actually respond to bids. Requests a customer reference in their region.,
15eacbcf-ab10-41ce-aa14-3cd82ff3cde4,2026-10-03T10:24:16.438015+00:00,"Small team, only two estimators. Says writing bids takes too long and they skip tenders unless the deadline is generous.",
61607459-85c7-404b-8693-da1139c6a1ca,2026-09-17T09:35:56.079885+00:00,Frustrated: tenders shown are too large for the company. Asked to filter by project value under 150k EUR.,"{""intent"": ""better_matching"", ""objections"": [""irrelevant_tenders""], ""buying_stage"": ""consideration"", ""sentiment"": ""negative""}"
7b64665c-cb26-4809-b429-73f5d1d18e0b,2026-09-26T01:54:02.624331+00:00,Evaluating competitors. Needs proof that GCs actually respond to bids. Requests a customer reference in their region.,"{""intent"": ""evaluate_competitors"", ""objections"": [""unclear_roi"", ""competitor_in_use""], ""buying_stage"": ""decision"", ""sentiment"": ""neutral""}"
bef6a59a-c186-4221-9030-56b79e4c24dd,2026-09-23T08:35:50.863244+00:00,"Small team, only two estimators. Says writing bids takes too long and they skip tenders unless the deadline is generous.","{""intent"": ""reduce_bid_effort"", ""objections"": [""no_time""], ""buying_stage"": ""awareness"", ""sentiment"": ""neutral""}"
d5ca69ab-8a2e-4a93-8558-0bb281f7f3fb,2026-08-25T07:20:59.258651+00:00,Frustrated: tenders shown are too large for the company. Asked to filter by project value under 150k EUR.,"{""intent"": ""better_matching"", ""objections"": [""irrelevant_tenders""], ""buying_stage"": ""consideration"", ""sentiment"": ""negative""}"
36c3fe85-8bae-495e-902a-405c3d9ffe59,2026-08-27T01:13:06.325400+00:00,"Small team, only two estimators. Says writing bids takes too long and they skip tenders unless the deadline is generous.","{""intent"": ""reduce_bid_effort"", ""objections"": [""no_time""], ""buying_stage"": ""awareness"", ""sentiment"": ""neutral""}"
2bcdce43-1e7d-4f7b-8d59-c34d44bd604f,2026-09-12T18:45:17.315047+00:00,Frustrated: tenders shown are too large for the company. Asked to filter by project value under 150k EUR.,
a041301d-1016-4d65-8f90-f91a544810de,2026-08-31T12:44:26.221047+00:00,Frustrated: tenders shown are too large for the company. Asked to filter by project value under 150k EUR.,"{""intent"": ""better_matching"", ""objections"": [""irrelevant_tenders""], ""buying_stage"": ""consideration"", ""sentiment"": ""negative""}"
ca8c5366-0729-4d47-bc65-9dc94b425bba,2026-09-07T08:55:10.560868+00:00,Very positive call. Won a tender last month through the platform and wants to bring two partner firms. Asked about referral rewards.,
13fc927f-7237-4f5b-b6fc-1c4679ebb8bb,2026-08-29T04:00:14.540360+00:00,Caller says they like the tender alerts for HVAC in Munich but did not understand what the paid plan adds. Asked whether unlimited bids are included.,"{""intent"": ""evaluate_paid_plan"", ""objections"": [""pricing_unclear""], ""buying_stage"": ""consideration"", ""sentiment"": ""neutral""}"
79e5c9aa-592a-4549-bba1-09d08567c805,2026-08-28T20:54:26.273548+00:00,Caller says they like the tender alerts for Painting in Berlin but did not understand what the paid plan adds. Asked whether unlimited bids are included.,"{""intent"": ""evaluate_paid_plan"", ""objections"": [""pricing_unclear""], ""buying_stage"": ""consideration"", ""sentiment"": ""neutral""}"
425a609f-7337-4599-b984-4388dc8aee30,2026-09-16T08:23:20.113223+00:00,Frustrated: tenders shown are too large for the company. Asked to filter by project value under 150k EUR.,"{""intent"": ""better_matching"", ""objections"": [""irrelevant_tenders""], ""buying_stage"": ""consideration"", ""sentiment"": ""negative""}"
9248c8c8-4c61-4a43-af04-1c76b3e6922d,2026-08-23T16:19:25.733913+00:00,Evaluating competitors. Needs proof that GCs actually respond to bids. Requests a customer reference in their region.,"{""intent"": ""evaluate_competitors"", ""objections"": [""unclear_roi"", ""competitor_in_use""], ""buying_stage"": ""decision"", ""sentiment"": ""neutral""}"
4148bd11-d894-42e8-9580-1c3a2932a211,2026-09-20T08:11:25.838349+00:00,"Small team, only two estimators. Says writing bids takes too long and they skip tenders unless the deadline is generous.","{""intent"": ""reduce_bid_effort"", ""objections"": [""no_time""], ""buying_stage"": ""awareness"", ""sentiment"": ""neutral""}"
bc3ddbfc-3216-4340-bf95-ff33cdea6f52,2026-10-01T21:53:53.940315+00:00,Evaluating competitors. Needs proof that GCs actually respond to bids. Requests a customer reference in their region.,"{""intent"": ""evaluate_competitors"", ""objections"": [""unclear_roi"", ""competitor_in_use""], ""buying_stage"": ""decision"", ""sentiment"": ""neutral""}"
ad0205f5-1417-42f9-ab91-731a1eb05b4a,2026-09-08T04:35:10.948203+00:00,Evaluating competitors. Needs proof that GCs actually respond to bids. Requests a customer reference in their region.,
f54ad0a2-e874-46d7-ad66-a1bd93676a02,2026-09-03T10:19:10.758488+00:00,Very positive call. Won a tender last month through the platform and wants to bring two partner firms. Asked about referral rewards.,"{""intent"": ""refer_partners"", ""objections"": [], ""buying_stage"": ""advocacy"", ""sentiment"": ""positive""}"
bba1aed9-44cd-4fdd-9f9b-141ec7f7bda1,2026-08-30T10:36:22.234749+00:00,Caller says they like the tender alerts for Roofing in Düsseldorf but did not understand what the paid plan adds. Asked whether unlimited bids are included.,
71da35b9-4eea-4db8-b165-d77901547950,2026-08-28T00:07:55.492534+00:00,Frustrated: tenders shown are too large for the company. Asked to filter by project value under 150k EUR.,
e1d5c0dc-3ea5-45a9-81ae-c50599a04abb,2026-09-05T22:05:02.738734+00:00,"Small team, only two estimators. Says writing bids takes too long and they skip tenders unless the deadline is generous.","{""intent"": ""reduce_bid_effort"", ""objections"": [""no_time""], ""buying_stage"": ""awareness"", ""sentiment"": ""neutral""}"
af475b49-c775-4395-9494-05f02cd2a404,2026-09-18T07:15:08.023198+00:00,Caller says they like the tender alerts for Electrical in Munich but did not understand what the paid plan adds. Asked whether unlimited bids are included.,
501a0ccf-b85f-464b-a160-3399d3073198,2026-09-12T21:22:04.430237+00:00,"Small team, only two estimators. Says writing bids takes too long and they skip tenders unless the deadline is generous.",
44d7df9a-238b-45b7-ab64-777c6177a771,2026-10-03T08:25:31.367829+00:00,Caller says they like the tender alerts for Drywall in Hamburg but did not understand what the paid plan adds. Asked whether unlimited bids are included.,
38283a05-2baa-43c9-bb4e-9ecdde0787b1,2026-09-17T05:24:26.050627+00:00,"Small team, only two estimators. Says writing bids takes too long and they skip tenders unless the deadline is generous.","{""intent"": ""reduce_bid_effort"", ""objections"": [""no_time""], ""buying_stage"": ""awareness"", ""sentiment"": ""neutral""}"
337ea2df-b09b-4a5c-badc-c32ac1590f53,2026-10-04T03:33:38.305610+00:00,Evaluating competitors. Needs proof that GCs actually respond to bids. Requests a customer reference in their region.,
411920f6-d056-4199-b728-ddc20f5e8b47,2026-09-28T19:25:12.287676+00:00,Evaluating competitors. Needs proof that GCs actually respond to bids. Requests a customer reference in their region.,
acdbd5f2-7b44-4cd0-9d03-c3d5b862acc3,2026-09-24T23:32:18.851056+00:00,Evaluating competitors. Needs proof that GCs actually respond to bids. Requests a customer reference in their region.,
402adf9c-8a4b-4f7c-a147-2a15fcce96f6,2026-10-01T07:43:30.702535+00:00,Very positive call. Won a tender last month through the platform and wants to bring two partner firms. Asked about referral rewards.,
bc594585-9445-48c0-8ef8-c2d6f7fd5646,2026-09-19T03:29:37.111143+00:00,Evaluating competitors. Needs proof that GCs actually respond to bids. Requests a customer reference in their region.,
c333e861-5fb8-416c-a720-797d32ebd689,2026-09-28T19:37:45.567110+00:00,Caller says they like the tender alerts for Roofing in Berlin but did not understand what the paid plan adds. Asked whether unlimited bids are included.,"{""intent"": ""evaluate_paid_plan"", ""objections"": [""pricing_unclear""], ""buying_stage"": ""consideration"", ""sentiment"": ""neutral""}"
b4693ec4-5c7a-48ef-8324-5e357eedcc65,2026-09-17T14:43:47.902818+00:00,Caller says they like the tender alerts for HVAC in Hamburg but did not understand what the paid plan adds. Asked whether unlimited bids are included.,"{""intent"": ""evaluate_paid_plan"", ""objections"": [""pricing_unclear""], ""buying_stage"": ""consideration"", ""sentiment"": ""neutral""}"
ab402561-18cd-49c9-9c8d-23b44dea5200,2026-09-18T22:31:23.064223+00:00,Very positive call. Won a tender last month through the platform and wants to bring two partner firms. Asked about referral rewards.,
53c93ae7-7cf0-4bb3-b343-d9eb7466ef02,2026-09-01T01:26:59.745080+00:00,"Small team, only two estimators. Says writing bids takes too long and they skip tenders unless the deadline is generous.","{""intent"": ""reduce_bid_effort"", ""objections"": [""no_time""], ""buying_stage"": ""awareness"", ""sentiment"": ""neutral""}"
6e8984f4-d820-40d1-b4c8-73a75a947a40,2026-09-12T07:13:42.108995+00:00,Caller says they like the tender alerts for Electrical in Cologne but did not understand what the paid plan adds. Asked whether unlimited bids are included.,"{""intent"": ""evaluate_paid_plan"", ""objections"": [""pricing_unclear""], ""buying_stage"": ""consideration"", ""sentiment"": ""neutral""}"
98abb2e7-8531-4f0f-ba53-312274b79620,2026-10-01T18:21:50.522941+00:00,Frustrated: tenders shown are too large for the company. Asked to filter by project value under 150k EUR.,
f6bffaa9-71fc-42e6-b3dd-7820bd20c36a,2026-08-26T04:10:48.064555+00:00,Frustrated: tenders shown are too large for the company. Asked to filter by project value under 150k EUR.,"{""intent"": ""better_matching"", ""objections"": [""irrelevant_tenders""], ""buying_stage"": ""consideration"", ""sentiment"": ""negative""}"
d5c0244d-3735-462d-8184-3b0304dd7054,2026-09-03T23:35:00.892838+00:00,Evaluating competitors. Needs proof that GCs actually respond to bids. Requests a customer reference in their region.,
9050f7ef-c123-4c91-b6c5-a0dc7e7e7419,2026-09-26T17:51:55.779162+00:00,Frustrated: tenders shown are too large for the company. Asked to filter by project value under 150k EUR.,"{""intent"": ""better_matching"", ""objections"": [""irrelevant_tenders""], ""buying_stage"": ""consideration"", ""sentiment"": ""negative""}"
3602f8ac-10f1-4c81-848a-aa9e66b2bc5b,2026-10-01T01:32:25.450980+00:00,Frustrated: tenders shown are too large for the company. Asked to filter by project value under 150k EUR.,"{""intent"": ""better_matching"", ""objections"": [""irrelevant_tenders""], ""buying_stage"": ""consideration"", ""sentiment"": ""negative""}"
810d5c57-5264-4a59-a1f8-5b339b2d5a2a,2026-09-13T10:04:25.995561+00:00,Caller says they like the tender alerts for Plumbing in Düsseldorf but did not understand what the paid plan adds. Asked whether unlimited bids are included.,
fd2336f4-5b44-46ed-b107-6f2e0a715350,2026-10-02T03:45:42.268163+00:00,"Small team, only two estimators. Says writing bids takes too long and they skip tenders unless the deadline is generous.",
2ed087d4-57bc-4d3a-90a1-7fe85f642a53,2026-09-10T00:37:50.524315+00:00,Very positive call. Won a tender last month through the platform and wants to bring two partner firms. Asked about referral rewards.,"{""intent"": ""refer_partners"", ""objections"": [], ""buying_stage"": ""advocacy"", ""sentiment"": ""positive""}"
fabb6609-7de1-4a85-91c4-194a70c98336,2026-09-14T17:05:15.606644+00:00,Evaluating competitors. Needs proof that GCs actually respond to bids. Requests a customer reference in their region.,"{""intent"": ""evaluate_competitors"", ""objections"": [""unclear_roi"", ""competitor_in_use""], ""buying_stage"": ""decision"", ""sentiment"": ""neutral""}"
d0e04655-a03e-4b5d-8ea8-d0eefc3a156a,2026-09-30T08:01:56.285558+00:00,Caller says they like the tender alerts for Flooring in Berlin but did not understand what the paid plan adds. Asked whether unlimited bids are included.,
5d8416e0-60e6-46ff-a757-43f9606cc2f5,2026-09-23T04:13:22.717557+00:00,Frustrated: tenders shown are too large for the company. Asked to filter by project value under 150k EUR.,"{""intent"": ""better_matching"", ""objections"": [""irrelevant_tenders""], ""buying_stage"": ""consideration"", ""sentiment"": ""negative""}"
9adda7c8-82ec-48aa-920c-d375a5d453c4,2026-09-25T03:06:19.150537+00:00,Evaluating competitors. Needs proof that GCs actually respond to bids. Requests a customer reference in their region.,
1dc1e7eb-711c-4673-8535-1a69dabf984e,2026-09-28T16:26:44.369936+00:00,Caller says they like the tender alerts for Scaffolding in Frankfurt but did not understand what the paid plan adds. Asked whether unlimited bids are included.,
5cda0385-13eb-4358-9ab9-f6621bc02912,2026-10-03T17:58:33.518556+00:00,Very positive call. Won a tender last month through the platform and wants to bring two partner firms. Asked about referral rewards.,"{""intent"": ""refer_partners"", ""objections"": [], ""buying_stage"": ""advocacy"", ""sentiment"": ""positive""}"
386ecbe0-6b65-46a4-8b81-48f6b38a088c,2026-09-19T05:54:27.366046+00:00,Evaluating competitors. Needs proof that GCs actually respond to bids. Requests a customer reference in their region.,"{""intent"": ""evaluate_competitors"", ""objections"": [""unclear_roi"", ""competitor_in_use""], ""buying_stage"": ""decision"", ""sentiment"": ""neutral""}"
4818b004-b0a4-4557-b381-001fa3ff8fd2,2026-09-21T20:10:03.376196+00:00,Frustrated: tenders shown are too large for the company. Asked to filter by project value under 150k EUR.,
cca3a4c4-2e49-42cf-bc23-9ebc3c775558,2026-09-17T21:04:00.984677+00:00,Frustrated: tenders shown are too large for the company. Asked to filter by project value under 150k EUR.,"{""intent"": ""better_matching"", ""objections"": [""irrelevant_tenders""], ""buying_stage"": ""consideration"", ""sentiment"": ""negative""}"
7ed70ed7-b194-490b-a961-929e546e035a,2026-09-02T06:54:43.656752+00:00,Frustrated: tenders shown are too large for the company. Asked to filter by project value under 150k EUR.,"{""intent"": ""better_matching"", ""objections"": [""irrelevant_tenders""], ""buying_stage"": ""consideration"", ""sentiment"": ""negative""}"
fedd22d9-226c-4c6a-bfe5-a4b66be8c756,2026-09-14T19:19:10.024543+00:00,Frustrated: tenders shown are too large for the company. Asked to filter by project value under 150k EUR.,"{""intent"": ""better_matching"", ""objections"": [""irrelevant_tenders""], ""buying_stage"": ""consideration"", ""sentiment"": ""negative""}"
