user_id,employee_count,revenue_band,founded_year,fit_score
1a3d1fa7-bc89-40a9-a3b8-c1e9392456de,10,<1M,1981,0.24
386ecbe0-6b65-46a4-8b81-48f6b38a088c,19,1-10M,2021,0.498
43b7a3a6-9a8d-4a03-980d-7b71d8f56413,9,<1M,2014,0.312
4a15544d-c5e7-4e8a-ba57-8a8ea9488d99,6,<1M,2011,0.596
7656af72-29d4-4eef-beab-edcbbaa80dd4,50,1-10M,2004,0.653
3602f8ac-10f1-4c81-848a-aa9e66b2bc5b,163,10-50M,2014,0.861
bf3c4c06-4343-48bc-89fa-6a688fb5d27b,7,<1M,1996,0.501
6c12ace8-ae34-4454-8ac5-b68c28f49481,77,10-50M,2004,0.523
1c8eaee9-5715-4d6f-a416-1293c4c2e2e3,43,1-10M,2010,0.458
c333e861-5fb8-416c-a720-797d32ebd689,130,10-50M,1989,0.712
bb5e4bcf-15ed-4269-9429-6c07f26b4776,8,<1M,2005,0.25
337ea2df-b09b-4a5c-badc-c32ac1590f53,961,50-250M,1982,0.699
01d74256-3860-4ab6-96a4-02f23ae8cc93,5,<1M,2014,0.541
93829b43-922f-415a-a1e3-db63ef7ddc76,3,<1M,2017,0.332
1931e9ee-a56c-4941-bbf2-4050a748dbcf,163,10-50M,2010,0.748
db20a56e-dc81-4fe7-8eda-8bbb71710434,10,<1M,1990,0.36
0f02bad0-e706-4ef4-a6aa-9385dd59ba71,2,<1M,2002,0.432
bc594585-9445-48c0-8ef8-c2d6f7fd5646,1,<1M,1993,0.369
0a2c827e-9832-4856-9434-0a033f07f814,4,<1M,1988,0.481
50f0fd0a-750c-4b75-8ccc-9bc2a53f8a28,4,<1M,2003,0.573
3e896c64-e117-4ac3-919c-4ea3e1805081,9,<1M,2008,0.368
1b66b5a9-e3c4-4657-9d8c-bbac43b409ef,59,10-50M,1992,0.83
d450281c-6c6f-4633-a260-772317a0df49,45,1-10M,1994,0.633
e767dcea-b0e6-4969-a213-42b0f1eedba3,27,1-10M,1989,0.518
5a8aaeca-1a50-4ec3-aabc-25fa3fe12e47,86,10-50M,2005,0.855
c84a7b28-550a-4b46-acab-3301bc8f7d29,94,10-50M,1997,0.798
3170f437-a8f7-4f5a-860e-df5b39118497,5,<1M,1994,0.574
2db69edb-42de-4fcc-b86c-2ca2e08596db,5,<1M,1992,0.203
b572f3d0-0b5c-4a6a-8135-7e8c30a900ad,6,<1M,1991,0.508
d9178793-a9d3-42e6-905c-c6869f871ce7,9,<1M,1993,0.577
9d9262af-2c8d-4e44-a71e-43a6bf85bf0e,7,<1M,1976,0.209
cb323e35-7922-4ac2-82dc-4c8e36b5229a,19,1-10M,1992,0.54
3eae0032-0bd4-4990-8640-be0f25b8fd4b,36,1-10M,2011,0.725
e4855aa1-016b-4287-b008-05cca7f36ae9,12,1-10M,2020,0.435
8f15ba58-fce6-4504-87f8-424daae65fc1,48,1-10M,2009,0.449
425a609f-7337-4599-b984-4388dc8aee30,6,<1M,2008,0.434
236c7b87-14a0-4ccb-8a47-6a87e49d681d,6,<1M,2001,0.318
f2311f17-9586-4a76-8511-55ffe7a37e81,2,<1M,1979,0.471
3875394c-e5d6-46e6-9a6e-c2f5ccc42903,11,1-10M,2021,0.655
978648f8-64de-42e6-a82c-7d7b06e745f9,68,10-50M,1979,0.85
d4f8fd72-f382-4cfd-8083-b73a473bd358,39,1-10M,2012,0.419
f2a03459-9060-4f62-9d48-a071ab61a7b1,2,<1M,1997,0.448
f54ad0a2-e874-46d7-ad66-a1bd93676a02,17,1-10M,2013,0.416
c85aca46-90e0-44a0-bbdd-3933cbd58bf6,155,10-50M,2016,0.559
b5122df8-75b1-4a55-9426-2982e43e4288,2,<1M,1999,0.475
3ed8c56c-da09-4fa0-9282-8d8044b591f7,1,<1M,1994,0.583
cc3ebdde-5ad5-4f06-b64d-7c877cd0129d,45,1-10M,1981,0.707
72bb912d-7da6-4785-b63b-4dc3a559e463,19,1-10M,1993,0.666
7428a656-b3ee-4d3b-9a10-412954aebd1b,10,<1M,1995,0.475
fa02eaec-96ef-4ad6-b97e-670346c8adfe,7,<1M,2008,0.282
a34b6cf6-2053-4a42-b1af-db65b289f224,882,50-250M,1991,0.95
6694c343-10ba-48e3-9276-2bdc1d34d08e,4,<1M,1987,0.467
61607459-85c7-404b-8693-da1139c6a1ca,23,1-10M,2016,0.419
2c7f0b79-3d67-4de9-a834-e4c014c8b3b4,41,1-10M,2007,0.371
43b9da13-ec85-4f37-bbc1-a987aff8754d,13,1-10M,1999,0.45
91b78d8e-d301-4989-bfbb-b17f9854ce4e,10,<1M,2009,0.386
40181c6e-9a8c-4a3c-9283-aac7bc0a6a5d,4,<1M,1992,0.338
7135f221-a6c9-437f-84da-d06a7872bdeb,32,1-10M,2017,0.576
7ed70ed7-b194-490b-a961-929e546e035a,10,<1M,1984,0.293
764414fd-8ae7-49ed-9e8e-de0ba85c6e4a,152,10-50M,2011,0.588
1f15c7b6-7c16-428d-b2c0-8394e17f29e1,1,<1M,2016,0.316
a5d04d53-1e12-42e3-b272-92b6762172ed,377,50-250M,2018,0.862
821c1336-9970-4f60-abff-8d1530cbd755,14,1-10M,2006,0.707
9475dbc9-9641-4ced-9664-d2644c6e27ff,137,10-50M,1995,0.875
9261549d-3d22-4c30-b28f-41defb140bc3,169,10-50M,1979,0.802
d85480f0-dfca-40b7-99b1-7e80dea4ae17,1,<1M,2014,0.427
a65bb1f2-65c1-4795-b155-16bc9f8ded97,15,1-10M,1994,0.648
af34cf65-a193-44b2-bc19-e71d118405ad,124,10-50M,1982,0.697
0e5dd462-cbd0-4ef2-930a-37df0bc61066,7,<1M,1983,0.594
a34db7c5-760d-4bbb-bb70-b3a124a35cf2,19,1-10M,1982,0.442
b0b862ef-6c9f-42b9-b647-8986a3917c99,167,10-50M,1976,0.804
a881bfd3-d47d-477b-ba5a-91ca059dd55d,9,<1M,1990,0.231
a2f963a3-3810-4e66-9a31-b4cccd4b69a9,41,1-10M,2019,0.367
21a4344f-bb7b-4e03-9d67-8bb1945ef2e4,4,<1M,1984,0.542
f1b64afe-d31e-4f1a-a9ff-1cae41c8ca8c,27,1-10M,2020,0.352
1fa382e8-895c-4d99-83b3-8eb403902c5d,5,<1M,1992,0.462
d2e82f38-a2a9-44d8-902e-fde5a5cc8bf7,10,<1M,2016,0.454
b24cc64f-be3e-4e57-b30a-9e32aba4fc03,3,<1M,1997,0.483
71818dcf-379e-4c6e-9edb-0d3cb0b63bcf,102,10-50M,1980,0.785
90882eaf-c977-4598-a03c-8c25fd235def,5,<1M,1995,0.252
402adf9c-8a4b-4f7c-a147-2a15fcce96f6,4,<1M,2004,0.317
1d181ee9-86ad-4a8c-abc4-123ebde13c1b,8,<1M,1992,0.393
a4b1f991-7542-4646-8d37-a539857dd3b3,11,1-10M,2011,0.509
466772ce-204e-478c-90d0-8d1125f934bf,69,10-50M,1991,0.879
e0b15aba-a6a2-4967-a79b-44b6da509fed,7,<1M,2007,0.389
5fd23109-4140-452c-aa44-825950018b7b,50,1-10M,1988,0.638
8fca7b6a-8fc4-4092-b4e5-59e596229348,111,10-50M,1994,0.61
279c658a-3676-4ce5-81e5-c9f693f277cc,14,1-10M,2001,0.514
a867a096-edd8-47c8-9be7-173706b89231,33,1-10M,1977,0.707
bf012e32-177d-4e7e-87d9-24cef8c88fae,1,<1M,1992,0.564
0cbd3c03-9e2a-44ac-8122-b5b3284c03d2,10,<1M,1985,0.211
7c93f6cc-97d7-4560-adb1-4670ad9fb00d,10,<1M,2017,0.211
2112507c-2cfa-45b0-ae3f-683abf3c5140,9,<1M,1988,0.443
6de59332-9364-43d0-9024-bdc6dcb33df3,9,<1M,1999,0.424
6683e107-96c0-44d0-af88-7f283e49fd09,2,<1M,2001,0.471
d1a69d87-f54e-4019-ba35-844e59e1ac09,25,1-10M,1984,0.385
9050f7ef-c123-4c91-b6c5-a0dc7e7e7419,9,<1M,1999,0.449
cbdc4318-4d85-43d2-a1a2-748571348c2a,3,<1M,1982,0.405
626d719d-81cf-4252-9815-9d6c9d713084,17,1-10M,1992,0.535
57eb89b1-d65e-49dd-a62d-2d06cf9b8558,985,50-250M,1982,0.933
ca0ac6ac-0d67-438e-990f-0c5badcc3daf,5,<1M,1983,0.396
eaafe543-2434-4678-a9e2-7ba9952e6abb,146,10-50M,1982,0.843
86c1b6cb-e996-40f7-af77-520eff4625af,38,1-10M,2002,0.588
d5ca69ab-8a2e-4a93-8558-0bb281f7f3fb,2,<1M,1975,0.362
5d42b9e9-692e-47b6-8b2f-6d5c700b5d5f,55,10-50M,1979,0.504
5e2ad32d-31ab-4b56-95c9-fdc7e76adca9,844,50-250M,1983,0.824
0d5ba7cd-4000-45f0-9f7d-0dd7236e1608,102,10-50M,1987,0.745
d11376e0-38d7-4b9a-a916-da57f24823ab,6,<1M,2015,0.264
55d596af-a663-42cd-b6f6-dbf1d6d441cc,2,<1M,1992,0.512
d5c0244d-3735-462d-8184-3b0304dd7054,43,1-10M,1980,0.685
d6312a80-1c61-4ec2-9014-2131750565f5,2,<1M,1997,0.538
15eacbcf-ab10-41ce-aa14-3cd82ff3cde4,8,<1M,1999,0.391
5b6a8102-0428-4378-bf50-23f440ef3935,8,<1M,1993,0.538
af475b49-c775-4395-9494-05f02cd2a404,9,<1M,1980,0.407
d0be73ee-fd37-4539-a5f2-02f983f02dc7,177,10-50M,1993,0.565
be4969ec-6667-43bb-a3b5-63606fdc0bad,1,<1M,1988,0.285
febec0db-9a3a-4103-ae3c-453214348f62,74,10-50M,1982,0.705
debac186-ba10-4217-8ad7-c9a2727716ec,3,<1M,2020,0.481
07f8d4f0-f3ea-4184-a8f4-e3ceadedda80,6,<1M,1989,0.227
13aec376-c359-410a-b1a6-014c5f3c44dc,6,<1M,2020,0.203
42a259a6-c664-4285-8303-cbc11e2595b8,19,1-10M,1988,0.572
cf7dcb43-1679-442f-bf4c-96d671f2ce8f,29,1-10M,1986,0.438
5c8ac066-cb2f-4fa3-ac91-3a7ca3404f08,12,1-10M,2015,0.678
10d4de39-1612-47c9-a25d-f9a89ca8a5c4,29,1-10M,1979,0.68
c48d5650-2e95-42d6-9679-2482a3c988e4,1,<1M,1984,0.591
e519dd7e-84d6-4c4f-b0df-1684f28e4122,73,10-50M,2015,0.82
e6e987ca-b87b-4384-9fdd-de2ea8a2b7ad,170,10-50M,1994,0.883
8baaf744-a08d-421b-a395-4cb17f7f6c0a,10,<1M,1980,0.296
9b4e164b-5716-4c2e-b43a-da2a76e5ae78,2,<1M,2005,0.315
0cf477ef-18c8-4616-a410-8e9a3f779cae,44,1-10M,2004,0.54
7781321e-83c5-41cb-bef7-d9ea7f8e5483,24,1-10M,2016,0.575
43b47ee5-e1e8-4e7e-a249-8f666e51484d,2,<1M,1985,0.443
9f8cc29f-fd35-4c5f-9347-9a3b479bc637,6,<1M,1987,0.593
09f64405-0b99-4034-8a4e-255280051b10,1,<1M,1988,0.548
97fe56c5-4c9a-4f24-97b4-c294bd44089d,10,<1M,1994,0.362
df41e335-b9ae-48e4-a615-99c8cbf81f86,440,50-250M,1986,1.0
25d4a0fc-6154-4765-9756-ba9cc64c9647,42,1-10M,2016,0.577
78bb22a5-eba7-42d2-9c89-d374c66495a7,36,1-10M,1988,0.394
8bd88fcd-57a2-4e4e-887b-03e5e980f808,2,<1M,1977,0.444
4c3077c4-fb75-4923-b910-abb3f1053252,6,<1M,1975,0.585
faebcd19-e550-4ea2-a133-a34d8b0e8eb1,4,<1M,1991,0.391
e7ba26ac-ab7a-4d1c-8cfe-f6833e11bafe,20,1-10M,1996,0.378
e1721c83-ef5e-4376-a723-fb72682b163a,846,50-250M,1992,1.0
6afa828c-2cd1-4b9f-abe5-841fe9c96c52,18,1-10M,2005,0.583
f0458043-e3a6-4a70-be71-0b558639bd41,3,<1M,1980,0.538
6d7df5d0-d3b5-4af7-a7ce-378fe5a4983b,4,<1M,2012,0.577
951c25d5-4d4c-4280-9462-52e7f43ba052,1,<1M,1987,0.339
3818cfd3-3889-436a-9d58-17e85e175b66,47,1-10M,2019,0.386
86879aa9-14f5-43d0-8991-2032df85c777,26,1-10M,1994,0.735
1dc1e7eb-711c-4673-8535-1a69dabf984e,23,1-10M,1990,0.504
41241bb4-655c-4508-8592-bfa5b928e23f,34,1-10M,1998,0.592
c4db5a62-2e13-418d-a8ab-80ea497ec6d1,674,50-250M,1984,0.865
6c93a791-8b60-4511-b816-8aebac6a7c85,44,1-10M,2009,0.726
19d45deb-1139-4a12-b4c1-c3ea3d9c4e64,29,1-10M,1994,0.721
937bf79b-bb44-4adc-aa98-fef8d0d75e37,3,<1M,1983,0.363
e134edfc-9777-4f10-b2d2-393f8e85140d,1,<1M,2017,0.575
4cc57e0d-2633-4018-a883-ac6e6a944054,38,1-10M,1999,0.576
891f6912-17ab-4863-9efe-ef4fd8ddbbc0,2,<1M,1994,0.544
03ece8ff-e8b3-4763-b4ff-3f3a4d9dbaeb,3,<1M,1995,0.224
a6129a1c-889d-4b76-b75c-30b561730c48,18,1-10M,1988,0.743
255b30e2-bdc2-474b-b8a5-6b49dd34aa18,3,<1M,1975,0.328
566a9ce7-af52-4b94-b186-e47aa7946320,182,10-50M,2018,0.821
8ac97b01-e3ad-44d4-aab9-eb022f1dc121,9,<1M,2020,0.312
e9aa144b-9dd4-4675-af14-5064aab07015,8,<1M,1988,0.496
f090f5a0-ce61-4199-ae3a-0ba8ac8d6c7d,3,<1M,1998,0.245
90a3fbbf-7580-4050-a7f1-698cf5948a54,44,1-10M,2002,0.368
c8cce2c2-a518-4418-af14-b3f6d867888b,33,1-10M,2007,0.561
e63949d4-47c6-4688-acf3-2053af36b8cc,29,1-10M,1979,0.372
639fc471-d975-4f00-95ab-a8ae9112fbc0,1,<1M,1976,0.471
9aec56a8-5731-4609-9375-ee90d6b361e4,8,<1M,2012,0.536
c5acc354-15f0-4cb4-a14c-721da921cb4c,8,<1M,1999,0.37
71da35b9-4eea-4db8-b165-d77901547950,4,<1M,1989,0.427
530ddda6-c8d0-49e5-9919-65ea98d00c2c,1,<1M,2007,0.241
44d7df9a-238b-45b7-ab64-777c6177a771,43,1-10M,2018,0.497
320f72c0-9dde-4188-9803-b22e7eece88d,197,10-50M,1981,0.854
4ce953a7-22d9-4db3-982a-2277f966d59f,9,<1M,2000,0.37
64976593-c92e-4c93-9105-c8d647c1c017,12,1-10M,2004,0.604
a2224f96-23a1-4e20-bfd2-55eeac484366,168,10-50M,1992,0.552
ca6caf9b-0969-4101-8b2c-550a6b15c11b,4,<1M,1985,0.22
ad6ecc57-a520-43d0-bbcd-bf5e902f3465,9,<1M,2006,0.288
96add4df-adf7-4924-85b8-386b768b4f7e,2,<1M,1978,0.503
79e5c9aa-592a-4549-bba1-09d08567c805,7,<1M,1980,0.478
f55dce6d-6d26-4b37-8f52-42d354bbbcf8,23,1-10M,2014,0.548
34ae4abd-36fc-40ac-b469-8db30123a348,4,<1M,1981,0.401
f7464c02-8718-44c1-bd4e-d26edcd5bfae,12,1-10M,1980,0.378
1e2c2e7d-502c-40ee-a24a-66a6ac0f6801,64,10-50M,2017,0.535
ee4205ee-a52f-43ec-ab4e-2281b184d1fc,6,<1M,1979,0.319
f6bd80c7-624a-4a50-90b1-fde031f3f0c0,602,50-250M,2015,0.792
398f569b-465c-42cb-885e-b4894ac66780,10,<1M,1978,0.565
0aa6fcb9-c1bc-4e59-9296-a12d8ac35ac4,5,<1M,1985,0.301
1e0d02b5-fe74-42cd-9d83-ad037066e289,5,<1M,2001,0.502
0f321333-ce31-4937-b4fa-32b6d0437e4c,12,1-10M,1978,0.474
c9230c64-c006-4b5b-b678-39b222b5f457,290,50-250M,1998,0.882
93d228d4-2465-4c39-bd4d-2add64880945,55,10-50M,1980,0.814
53c93ae7-7cf0-4bb3-b343-d9eb7466ef02,37,1-10M,2015,0.385
363be5cb-d329-4724-adfd-171af7d7465d,25,1-10M,1979,0.631
db8f0e32-edef-4003-9fce-01e3042b03ca,1,<1M,2009,0.384
40198303-5c45-4e4d-a793-13b817e52113,6,<1M,1979,0.446
13f3cade-7a10-413f-b6a2-c52b00473139,32,1-10M,1996,0.377
bb134f02-16de-46c9-a210-def63a9c4308,18,1-10M,1997,0.72
70aa5b0d-2a03-4ad4-a667-b9829c3de1b0,9,<1M,2017,0.271
159152f2-a505-4a9c-86e7-5a2c3f6eed9d,810,50-250M,1991,0.769
4ba8a4ca-6449-4b6f-bf72-ae52304b2370,2,<1M,1982,0.209
6307d4d1-21c9-415d-9104-5a16ef15ab72,14,1-10M,1983,0.477
8044beb2-b66e-4bf4-a0ea-0251495743a2,126,10-50M,2018,0.783
9620bee6-6406-4ace-93a5-e8508950ddd6,27,1-10M,2012,0.563
9bdc70d1-9cbf-4b8c-b410-2d5d1db14bfc,1,<1M,1983,0.32
bba1aed9-44cd-4fdd-9f9b-141ec7f7bda1,8,<1M,1981,0.345
5e20c957-2ab8-4d33-911f-730bdbff00b0,15,1-10M,2008,0.608
b6ca1127-e9f8-4970-8d98-f9e28d888beb,7,<1M,1999,0.313
8409c5ea-cde9-48b3-b922-a7e42de982f8,9,<1M,2014,0.508
76c3e642-3e19-4c1d-9f6a-6a65bd54da04,2,<1M,1977,0.483
a2cd1590-58af-493c-8aa2-b4c93ba5bd76,5,<1M,1985,0.584
f8f9a45d-0f55-4896-b610-396b7df59abf,3,<1M,2004,0.502
222df6a4-8163-46ce-9877-bc0694ad6252,37,1-10M,1998,0.373
516c3b0a-5385-4918-bc40-15fad4f76322,129,10-50M,1977,0.588
c534ca08-f6f2-4d1c-9bb8-b9c8893259f3,47,1-10M,2006,0.383
3f8b4433-b60e-495c-9759-ba9625f88c74,9,<1M,1980,0.305
cdcc2d6a-1a16-498c-b648-776e183fea70,43,1-10M,2009,0.579
329fc417-1081-4d45-bf45-f8a20594b24f,42,1-10M,1998,0.724
651ea252-b974-4cde-9259-f9606ee35607,1,<1M,1978,0.402
7fb75c57-4b8c-431f-a5b4-09833eebc04a,7,<1M,1982,0.276
61eb64e6-fd49-4e20-84ff-eab2cb7b0b3a,9,<1M,1990,0.262
c74e48ff-cf89-469d-a550-d73607806e71,6,<1M,2018,0.213
bcaff931-ead1-4464-8a8e-858cd0f81063,41,1-10M,1997,0.57
5bd93609-b297-4782-bcf4-74aace63cb1a,10,<1M,1994,0.367
86c5547c-051a-4039-b803-dcee9a069295,6,<1M,1991,0.425
12916e60-f5e7-4daf-9d69-6bc8dc54d59b,41,1-10M,1984,0.351
f7ff88d4-b509-408a-ac98-8bca51397c06,21,1-10M,2013,0.74
92a54d04-f2dd-41f5-b3b6-d344f2e3c6f0,6,<1M,1988,0.364
13eb22c9-bece-421a-94c7-743b2401342a,40,1-10M,2017,0.361
62ccc604-0c53-444b-8053-f649b86d066b,10,<1M,1992,0.471
29a3db6d-39bf-4a38-afe9-be90c21c3fb3,19,1-10M,1995,0.529
17d5b563-fa60-4de1-a5eb-772df11c0ac5,1,<1M,1977,0.343
68c690b2-30a2-4ee8-b972-2cc1349ef4a9,7,<1M,2012,0.277
6d779595-00fa-4eb4-9c5f-48d40df407b8,33,1-10M,1997,0.647
7d3572cc-788f-40cd-a5c0-6b93c8edabdd,43,1-10M,2018,0.479
907276ea-44c0-4a9a-964a-cb1f39eb038a,8,<1M,2008,0.22
f7336094-6b2b-48b9-85c7-f3bed183010f,5,<1M,1984,0.44
c1d71f4a-f302-4d16-9eca-cae925bf213d,93,10-50M,1985,0.541
ceae1325-ea07-4d80-ba23-6c22e92a7b97,130,10-50M,1977,0.853
25f06b0a-264e-459d-aa18-e5af1cce08e9,24,1-10M,2004,0.617
7c4f48e4-a7a0-4a3d-a20f-230b439e754c,107,10-50M,2021,0.649
79a7e63b-bee9-45da-8c9e-55503cd1ff3f,144,10-50M,1987,0.843
44f8b53c-5224-4d05-9369-2867c626e38f,7,<1M,1975,0.469
10cc4604-28b2-4b1b-8a9f-1d5983e8b700,77,10-50M,1997,0.886
5c418a83-eb04-459c-8cf1-73f974d9d1f5,71,10-50M,2021,0.847
29dc073e-5820-43f2-9989-dd6c8d2434f9,695,50-250M,1997,0.905
83666636-68d5-46b8-a6ce-6d7a44e2a94b,23,1-10M,2015,0.722
a48aa108-b599-477f-b78e-e9e8b676291d,7,<1M,2005,0.501
f76b9723-a990-4071-bfda-9a9382f29004,10,<1M,1980,0.412
f3c2944a-b60a-4dcc-a7f7-745142da8609,49,1-10M,2015,0.479
a7c854e4-0684-4c86-b8a6-040223d26b8d,7,<1M,1996,0.494
c8ef0377-a368-44f5-88dd-d880afb28b3d,3,<1M,2015,0.412
8f1cb2cc-ceef-4fa8-b9a5-d4d0423701f1,2,<1M,1990,0.311
4b46ef33-95e7-4614-82b4-02815f269466,6,<1M,1981,0.469
69c165ae-4c61-4ae8-87a3-7f1061b512ed,47,1-10M,2005,0.615
7cd2192f-14b0-4f62-8768-b07f2e2bdc6c,4,<1M,1993,0.443
a22c3d4f-6f07-460f-9d4e-8b5d2120bfba,27,1-10M,2012,0.538
a06e8de5-010e-4265-ad3f-5dd4049626ba,35,1-10M,2011,0.564
98abb2e7-8531-4f0f-ba53-312274b79620,55,10-50M,2012,0.875
ba27bc64-396d-4ffb-ba79-9efa04e55bd5,179,10-50M,2007,0.786
fea35d37-980b-4853-8c70-31eb9f85c2dd,153,10-50M,2009,0.658
0261c87a-a15c-459a-af8c-a888b1f81ad9,18,1-10M,2019,0.54
1b341937-c8e6-4939-9d2f-ed2a485f7888,18,1-10M,2018,0.696
54a27051-7b0c-4ad9-aee1-3caeb02e21aa,2,<1M,1992,0.356
3b2d520b-a4f3-4185-8182-2509e79f9f3d,4,<1M,2003,0.384
d9eb404c-1851-41cf-9dab-b10abd10f87c,192,10-50M,2013,0.665
2ed087d4-57bc-4d3a-90a1-7fe85f642a53,10,<1M,2017,0.322
d8274fc3-f145-4426-bb48-1ded0f037337,2,<1M,1991,0.366
f933a9fa-ba2e-4eb3-96aa-5382e1446b45,28,1-10M,2015,0.37
f4acc7e2-fa57-4cea-b957-134490a4a421,39,1-10M,2008,0.693
0df80b89-9ce7-4ed1-bcdf-e961e45e2ad0,6,<1M,1976,0.359
a4b0718e-8ced-4707-b903-4b6581c61eeb,2,<1M,2005,0.44
6747d24a-1a46-4536-848c-8480a7437402,2,<1M,1982,0.566
5d04032d-5742-4882-b34a-794974ca0ad7,12,1-10M,2012,0.559
008ffab9-38c4-4b38-a8ae-57b9c262cad0,39,1-10M,1976,0.522
da296905-ee22-470b-9ee9-32603002d831,10,<1M,1979,0.54
011c4544-7fb3-4be5-b6bf-2f7222778161,32,1-10M,1985,0.69
810d5c57-5264-4a59-a1f8-5b339b2d5a2a,9,<1M,2001,0.46
e2ed8686-b334-42cb-9a3f-0ad169a9aff9,25,1-10M,2007,0.525
a66c0fa1-b5dc-4a9a-bb38-cd9121f6c63d,11,1-10M,2014,0.446
e4d466eb-bf74-431c-ac9b-389a6adfd568,42,1-10M,1990,0.439
b0cad2eb-0fe1-421a-96e1-ba00257c54bc,675,50-250M,2005,0.868
82cbcdc7-3cd3-4e99-a38e-13888faf6d4a,160,10-50M,1981,0.639
9edd2182-33fd-462d-8057-e470be6127a8,585,50-250M,1979,0.962
318910ec-f6db-42b6-b993-ff63c6b18d94,11,1-10M,2019,0.666
4148bd11-d894-42e8-9580-1c3a2932a211,6,<1M,2018,0.468
5bab7f4a-8cd7-4c27-929a-f586ca376c36,86,10-50M,2016,0.775
87cec69d-9e47-4339-80ae-0b1af3476736,7,<1M,1980,0.38
61a1a29c-5228-4d8d-a2ba-9fceaebbaf9c,80,10-50M,2010,0.61
e5f5c891-4be3-48a8-8b39-dccf7c9f3bc3,38,1-10M,1991,0.529
d5ee2587-6c98-4d9b-af76-b6c2dd6d6b41,7,<1M,2002,0.23
cb51a911-2d90-44ee-8de4-833e12c0620c,11,1-10M,1984,0.594
bef6a59a-c186-4221-9030-56b79e4c24dd,43,1-10M,1987,0.637
889157fd-2804-40ac-b957-41bb07e3c39a,6,<1M,2021,0.456
1f8c56e0-2431-43fd-8e19-0d07dff0b9bf,685,50-250M,2003,0.703
29344e15-2477-4047-8336-a758d9f93502,2,<1M,1986,0.361
402d105b-113e-4f84-abf3-90964a68369c,38,1-10M,1998,0.45
9dc89e1a-540e-4d01-b35d-88f37c6166df,4,<1M,2011,0.294
e0bd202c-54e1-4f3a-bba4-1ae0adf8f767,5,<1M,1983,0.295
e2e6e7a6-bbc9-4473-8363-589c32495cff,169,10-50M,1980,0.827
ffaca645-e4dc-4306-8b20-ce3e42b7c048,7,<1M,2007,0.552
02b622e9-808e-48d2-9d26-4b1b6593b659,25,1-10M,1989,0.645
bc653d94-256d-4d11-b7bd-8499df482e7c,11,1-10M,2021,0.489
7463835e-eafb-4f20-b83c-91eb635a11f2,38,1-10M,1979,0.517
5d8416e0-60e6-46ff-a757-43f9606cc2f5,13,1-10M,1996,0.563
23936d45-e1cc-4f0d-8078-636d01b062c1,28,1-10M,1978,0.44
acdbd5f2-7b44-4cd0-9d03-c3d5b862acc3,40,1-10M,2007,0.611
2e16f0b6-ec25-4a75-821d-4dca2a955908,129,10-50M,1991,0.569
38283a05-2baa-43c9-bb4e-9ecdde0787b1,2,<1M,2003,0.353
1bcb404c-21d8-496a-a2ad-a15760d2759a,11,1-10M,2020,0.422
17db4c2f-1e15-4e2f-809c-2ebe80da2ed7,14,1-10M,2008,0.469
3abf9c65-6dd0-43f3-87a2-0e22b298b811,3,<1M,1999,0.227
e8fb5a96-3b85-46e1-840f-54057a25ed81,10,<1M,2012,0.225
b0117b0a-3496-41d6-a790-55b06001f54d,14,1-10M,1993,0.644
69c9520f-3425-449c-8145-d6ba65bf8e04,1,<1M,1976,0.58
c879d932-7254-4ab7-bad2-4ac8bf70c042,101,10-50M,2016,0.567
25343e85-d2c0-4ec2-9751-94d7cdeb2696,9,<1M,2021,0.327
0eb5e5a7-98f3-4640-b6a9-e3e3b62bccb1,50,1-10M,1976,0.524
3b4ec9f5-b2cd-4a0a-840c-5cb082b34384,4,<1M,2007,0.213
03ef0f77-848a-4924-b347-8a919609598e,8,<1M,2004,0.283
8f026c2c-1b41-4999-8198-d1f56839f98f,50,1-10M,1981,0.538
3e4727fd-c51c-41f4-bbcf-2b31902bd154,9,<1M,2012,0.592
84399ed9-5a64-445e-b498-16ad6994bf84,47,1-10M,2001,0.429
92ded495-e4f1-48e8-b7f3-f32b5a81762a,56,10-50M,1984,0.508
ad0205f5-1417-42f9-ab91-731a1eb05b4a,6,<1M,1984,0.385
82d9a774-ea7f-4c7d-83a6-b204fc014a22,200,10-50M,2001,0.848
f9fc6034-750a-4c98-acbf-b769c6a1a468,9,<1M,1989,0.261
44f7f01a-3cb5-46d7-834a-130e8c6ea6ad,43,1-10M,1977,0.381
af9e7a0e-936d-44a7-bab1-996a21925613,7,<1M,2014,0.213
fedd22d9-226c-4c6a-bfe5-a4b66be8c756,11,1-10M,2013,0.378
411920f6-d056-4199-b728-ddc20f5e8b47,6,<1M,1975,0.35
f68ece81-adf9-468b-9e0b-de1859e110eb,1,<1M,1989,0.388
9d1911a5-618d-4e71-9412-83fbe3bef3d6,20,1-10M,1990,0.383
3a6c7da6-57f7-471f-a978-cc731440adec,1,<1M,1984,0.487
daada0b1-2f13-4a6d-aad5-5c0b69fb2fe6,44,1-10M,2001,0.531
154ff37d-fefa-4198-83d6-cd548623bc74,44,1-10M,1991,0.38
ea4f4a80-dc41-4176-9b59-f28ea9de5b26,125,10-50M,2003,0.558
e096521e-a2c7-43d4-bfb8-abb9a18c5492,9,<1M,1975,0.53
00060d5a-02b3-4948-8db6-f47527dd1ac4,7,<1M,2018,0.338
3b30ee97-98d5-4cf5-8afc-f9e8cc476b72,4,<1M,2013,0.523
ccca1e14-c3b8-480f-8440-8e983d53ec43,9,<1M,1997,0.391
73e88db6-9e23-43d0-b491-5c14a30b669c,6,<1M,2008,0.573
3799a376-7e5b-4ac9-83c5-01fe269334ef,48,1-10M,1989,0.434
3133839e-2e7d-452b-b85b-8a078b0ea0b9,2,<1M,2021,0.479
180dc855-c55f-4de8-bc3e-1d1975f94230,8,<1M,1990,0.367
a3760c2d-7b31-4cdc-80d9-1a8e1f44aa88,17,1-10M,2018,0.398
3e3b1a40-ca05-43a2-a553-b15f1ea15b0f,8,<1M,1978,0.389
ff39a117-f83b-4806-ae4c-1b1856a2d49d,37,1-10M,2011,0.351
e44cbd41-ce36-492a-98e9-d0aac1b6edd4,793,50-250M,2009,0.898
77e8b762-bb7e-4979-92dc-bffd59008d65,4,<1M,1992,0.354
6108ffcc-8186-422b-a355-ad05c6a28e4e,43,1-10M,2018,0.659
8d2cfe83-c407-4654-bf5f-61aaaee7c7a5,109,10-50M,2012,0.664
1947ea42-310d-49d1-bc41-3a2a1b67f7bb,9,<1M,2016,0.555
a7df30b2-356f-4c0a-abc8-f6b7ee224f70,50,1-10M,1982,0.396
d59ef0fd-1204-44d6-bbfb-1b710a683eb8,120,10-50M,2010,0.672
bfcb3388-8ef4-474b-adcc-4095f28f9444,12,1-10M,2014,0.457
a854027e-5667-4e49-8133-8bdc66cc7376,4,<1M,2009,0.27
36c3fe85-8bae-495e-902a-405c3d9ffe59,145,10-50M,1993,0.637
38cd9122-fc01-45e1-8ce2-afa201ae7eb1,35,1-10M,2014,0.576
cfa28fb8-4199-422e-bba5-81263ff69f41,4,<1M,1997,0.231
1869c755-e85c-4ec9-91cb-c0929383f86d,85,10-50M,1999,0.706
deaa543e-1edb-4e71-9e2a-2ddfee249b72,131,10-50M,2002,0.781
ac735be0-0cee-4dc2-a737-f345388629ff,10,<1M,1978,0.471
0c9fa6e6-becc-4760-9249-ee3a79d19c4e,3,<1M,1979,0.498
ff408dcc-9db1-47f9-8fa8-ae3432339053,13,1-10M,2016,0.666
4e089bb4-c509-4558-8632-6b36a7c8f0c5,8,<1M,1991,0.483
15f7ef61-da4e-404c-ba7e-1b86c1fad753,2,<1M,1978,0.385
4237692a-c017-466e-85f4-c0a28be27516,39,1-10M,1992,0.482
b24f92b9-ca08-41de-b360-d11548b51c88,9,<1M,1976,0.447
62f32fae-a63f-4f12-a226-a768de0e9c53,199,10-50M,2009,0.896
0a2d36a6-0580-4493-b664-6199ed25459e,10,<1M,2016,0.376
41f74651-a033-4dad-8fdf-de19cfd835fc,4,<1M,1982,0.358
ad9112c5-f5ea-4128-854d-c3bf61d85365,32,1-10M,1986,0.526
dcd28b97-33ca-4a6b-8cd3-af7caf1dcfb8,20,1-10M,2009,0.586
2540fbfe-e12f-46cd-96ea-f269514e1353,159,10-50M,1990,0.641
c32fc21b-06b4-4d27-af4b-8be821acfdb5,2,<1M,1987,0.359
7800e27a-9ace-43cc-989c-83f68098580d,35,1-10M,2008,0.714
33ece6b1-fcfd-4547-abdc-e0dabe0bbddd,171,10-50M,2020,0.897
501a0ccf-b85f-464b-a160-3399d3073198,17,1-10M,1989,0.496
bc341b4f-fbdc-432e-a546-c66d89b1cad1,97,10-50M,1998,0.704
2469d0c2-e757-4997-8458-1f73b0a0c1cd,9,<1M,1978,0.304
74246baa-2dca-4c82-8660-a3e9736d417c,9,<1M,1979,0.343
a25291f3-730b-4657-b4cb-46131d39e9c2,33,1-10M,1981,0.726
2dca365a-2504-4d28-9e6a-e4592980f6ff,43,1-10M,1998,0.481
75699aef-0320-4c4e-80cb-e188c3f0fac3,837,50-250M,1986,0.732
e1d5c0dc-3ea5-45a9-81ae-c50599a04abb,10,<1M,2002,0.598
1be00f8e-0c8d-41d2-9673-aefbeb9e54e0,90,10-50M,1994,0.721
17d71fc0-092c-4030-ae75-76375c3552b3,466,50-250M,2006,1.0
9caf8df1-3584-4d71-b221-e1c535b86d0a,8,<1M,2008,0.523
feb9ea24-933c-4d00-8680-0a0b42791490,3,<1M,2010,0.344
7702beba-0623-4fbf-9e42-d2b800679b62,5,<1M,2012,0.522
4818b004-b0a4-4557-b381-001fa3ff8fd2,173,10-50M,1989,0.684
549c9eb9-31ab-4158-acf6-073bd500c147,18,1-10M,1995,0.423
69f8d3e4-d06d-4943-88b3-815e76647043,98,10-50M,1981,0.636
47cc3a66-2638-48be-b838-93a210f35676,28,1-10M,1980,0.542
b5b81351-5083-4841-9b9a-0eb7b48c531b,194,10-50M,2017,0.556
cc8ceba9-0662-400c-8188-de48719b2dd6,44,1-10M,2010,0.401
6338fb29-7599-4b0a-895b-81d6b97d7617,16,1-10M,1975,0.452
4fe898d8-c22c-46a8-93da-f60d05c14422,43,1-10M,2011,0.689
8f43a250-9f79-4228-b553-056703e7dd21,9,<1M,2004,0.266
7192e443-8a63-42ca-96b7-979ee46a0b42,6,<1M,1981,0.494
5b0a31ea-9dc6-4783-b222-534db3099e0d,147,10-50M,1994,0.801
77243aa3-c438-4ae0-b5d0-b595a4f89e23,10,<1M,1984,0.524
9abc9859-593e-4c83-8497-d0a8484204d5,3,<1M,1988,0.47
7b7ce7cc-f950-47fa-a8b5-8db58c466308,3,<1M,2006,0.488
ee4d0dec-bd47-4885-93f0-e33fab6b3f08,22,1-10M,2005,0.376
98ae0666-d066-4d21-af7d-7f211bd6b03d,946,50-250M,1977,0.874
63d5e750-4a9f-450e-8800-61b673f621a8,27,1-10M,1982,0.693
67797b58-82ab-43a0-bc86-21109c8aa872,483,50-250M,1989,0.882
67f1c18b-61fe-400a-b636-cc4c5170ca8a,34,1-10M,1983,0.702
125df206-02f8-45f8-a260-01c62023fd4b,5,<1M,1989,0.424
9f8d367d-6cfa-42dd-ae28-dccd9abbe46b,141,10-50M,2018,0.795
692caaae-44ed-48e2-8071-4c8ab64e26cf,16,1-10M,1989,0.486
c02627d1-fbd1-40c0-9bfe-679afbcbd6ec,10,<1M,2015,0.585
7807c947-02c2-4367-874d-8df088f7f097,39,1-10M,1977,0.584
79210c7c-a119-4eee-8fb9-130742ac66dc,35,1-10M,1980,0.587
47edc6dd-9da4-4c0f-a1ee-0f6c408669bb,24,1-10M,1980,0.56
cca3a4c4-2e49-42cf-bc23-9ebc3c775558,128,10-50M,1983,0.876
93e7e893-35fa-4528-aad3-136fa33817fa,2,<1M,2016,0.516
25288a1b-433b-46fc-b97e-b3e463dba8c8,1,<1M,1996,0.201
6e8984f4-d820-40d1-b4c8-73a75a947a40,1,<1M,2006,0.229
c53f4f7e-96b6-4287-ac00-f929bbfbf76c,26,1-10M,1977,0.414
382bab11-59fc-4aeb-b229-44a9af7ce609,4,<1M,1975,0.395
161d6acf-1eb6-41f0-b532-1352b54468e4,760,50-250M,2005,0.785
c516e394-aae6-487e-a744-aa30b1356d67,71,10-50M,2011,0.71
fabb6609-7de1-4a85-91c4-194a70c98336,460,50-250M,2020,0.717
12068ad6-12aa-4a4b-88ec-a4c81a71064d,170,10-50M,2021,0.712
c55fa445-f09e-4302-b525-a4d983f023fd,191,10-50M,1993,0.881
668eb10e-4d86-4412-ae8c-c97b555c4e18,6,<1M,1999,0.586
a925de85-6258-4ce9-b7ae-ede80a119bac,38,1-10M,1979,0.455
3d0d5c8f-97cb-4585-bf12-fe28b840d136,10,<1M,1983,0.46
67cf5ce0-0af5-44a9-b894-3df8c9abda91,3,<1M,1986,0.351
eb034c4e-e83c-4ff9-b8a1-d98804e1502a,44,1-10M,1979,0.434
1b388581-d145-4d7f-915b-5a37105f86aa,25,1-10M,2018,0.421
d62015f0-5253-46f7-a328-051e8bbf1b30,2,<1M,1987,0.459
94fd0594-ecf9-4245-be5f-7e23704c19e2,11,1-10M,1978,0.562
e30cdee2-97fe-4937-a6d9-77a1b4ecfe8d,2,<1M,1999,0.313
2e1482be-98a5-47b2-89a1-8b34b11184e7,6,<1M,2006,0.239
c5346e41-76d6-4c39-b822-7b0d81ee30e4,14,1-10M,2007,0.377
48f9fd0d-5d3b-41d3-a515-99820dd4c0e6,3,<1M,1989,0.382
6b47ed61-5372-4bed-946b-448297bb9fbf,163,10-50M,2015,0.703
0de92f1b-7c02-44e5-95c8-9b2d7892d145,3,<1M,1983,0.508
91941591-b134-458f-8837-59f82090f35e,271,50-250M,1990,0.977
2b80e44a-e7d3-4770-9c8d-1adef3e816b5,8,<1M,1986,0.254
9457f388-6f2a-4c8a-93c9-aacb3f71e1ae,13,1-10M,1987,0.379
7ab16533-64f2-4a7c-87f7-97fa6cfa855f,50,1-10M,2001,0.528
ffbb4bcc-a5cb-4f6f-bd33-31644bb8ebe2,56,10-50M,2010,0.706
a226a75b-b432-4ce9-b6dc-16b5a076aed6,5,<1M,2002,0.252
9ed62705-14b9-4b4d-af46-37b3c9a62c37,39,1-10M,2008,0.629
fb334e61-236e-4007-b468-0b6ec6090b78,27,1-10M,1987,0.714
46f2ff38-6c45-4540-ae23-56f380e9b300,3,<1M,1981,0.247
f2037633-ac5d-402d-8cc6-7ffd5e3ece60,156,10-50M,2016,0.65
b273f93c-1cad-448a-86a4-2ee12a2e1e6a,7,<1M,1979,0.434
d5bf1edb-3b79-4a1e-8d4f-2875df2ddf20,8,<1M,2002,0.398
e5f5cdc8-21c7-40f6-9137-67ab4dd85715,85,10-50M,1997,0.693
f92408c3-2ea9-4f6c-8905-eb93890a83b4,14,1-10M,2000,0.542
fa5fafdb-5123-49fa-aa61-b32f08e1624e,8,<1M,1975,0.51
f9c0fd4d-8bd0-4267-bd0e-01cef85bc2d3,157,10-50M,1982,0.699
bb4ccb14-1cc0-4764-b06b-efca56b405d7,49,1-10M,1992,0.667
c4605896-ef87-4f0d-8802-2f8e38de6b6e,41,1-10M,2015,0.607
e88ffab5-0e59-42e9-b182-cdf782f552c8,42,1-10M,1994,0.623
e3472e25-ba54-48fd-b737-cc38166cdd33,730,50-250M,1978,0.663
eee31d47-10ec-46ae-95dd-df38fc9454ae,10,<1M,1979,0.453
4a1a4219-61bb-45fb-9510-8bc02f9e1ddb,28,1-10M,1995,0.473
e8239943-7dec-4605-adeb-57f96acac954,2,<1M,1977,0.388
f9690579-79dd-4dd4-af97-fbd2a0c45942,36,1-10M,1975,0.45
45cdb96b-0d8a-46f3-a9ce-9bfa5b7d9d2d,34,1-10M,1976,0.381
8b30bb4c-2ac9-4b60-80ac-430a99487f82,15,1-10M,2019,0.599
697878c1-7c22-47a0-875f-f3685f7ddbb1,9,<1M,1997,0.523
c19d5186-b3c7-41a8-8d15-baefb6697d0a,28,1-10M,1990,0.361
57904515-f859-496d-837a-9ab085eb43c8,6,<1M,1985,0.563
c8b62c18-c355-453e-b0d9-751c6cc0067f,3,<1M,1987,0.497
aae6f1a1-4d38-48d0-90f5-96510b147f1f,10,<1M,1976,0.53
946a95a6-f2e4-41af-8702-1755f11cc0a4,5,<1M,1992,0.206
4827c440-f6d9-4e17-b109-4211b73f6e64,30,1-10M,1993,0.704
1b799e6b-f52e-44a6-ac6c-2e1b708df094,2,<1M,1979,0.509
b4693ec4-5c7a-48ef-8324-5e357eedcc65,35,1-10M,1989,0.604
3054366b-6d8e-4559-9af9-3e99fc267da6,5,<1M,1987,0.329
b1edf3d3-668f-4032-a512-5d2e24b3bc8e,48,1-10M,1989,0.502
ca1c3218-c19d-41c5-85e1-8b7797f971d5,7,<1M,2015,0.302
079bf5e6-2275-41e2-b141-52c7a0dcec7d,1,<1M,2016,0.295
c0697f1d-a93c-4413-9396-a289c29a988f,7,<1M,1994,0.427
ea3973ff-e14f-4a78-ae2f-1d3bfd9f45f4,32,1-10M,1998,0.631
b739a28a-4ffd-4b7a-a26d-d24f6e411e23,138,10-50M,1993,0.504
974ebb87-7ea4-43e5-836d-977b6431cbbe,128,10-50M,2009,0.676
b020321b-e90f-4137-95be-bdd097b027ce,9,<1M,2005,0.203
96867676-783e-40ab-b22a-55a605391557,12,1-10M,2006,0.498
4cad66c5-9d65-4c03-aaa8-14da56ec0e55,10,<1M,1999,0.537
9fe3f824-39d3-49cf-8dfa-76af66eb43b0,2,<1M,2008,0.571
81300e68-4d45-4885-92e0-8e57a6cb1dda,1,<1M,1990,0.592
2fc10403-dcda-4cc1-8427-4378b40d8aef,5,<1M,2004,0.355
5d411ac5-335d-4b46-85b3-75aa0f546781,104,10-50M,2017,0.618
a5630d3a-497b-413b-92de-b47d4455d60e,30,1-10M,1979,0.42
097913a0-e7d9-4c1b-a59c-aeed6c097204,13,1-10M,1985,0.718
ddfef849-4c48-4cfc-9a02-70da505c1021,1,<1M,1981,0.201
859f02bb-1ee2-4f39-aed4-db8980104995,8,<1M,1990,0.334
be741860-bf95-4403-8e4b-a2bb63d3ce8e,7,<1M,1980,0.287
51057c35-1ceb-48fe-b2de-b798b31a25b5,2,<1M,1995,0.386
08e94548-9b16-4cb8-a7bd-1db7f7808afc,75,10-50M,2006,0.89
1f3eea66-af6c-4f61-8fef-a2a2e7354db2,23,1-10M,1981,0.528
e3e735ab-dc02-4c29-b5db-e3964c23e844,5,<1M,1988,0.483
d7567d35-ed2e-4bea-a9b7-d533bca83a82,190,10-50M,1995,0.812
b1f94a09-7408-4646-93a7-1719bcdf8302,27,1-10M,2017,0.623
b6ac2048-8430-4e0c-bfe6-04f428670d3b,7,<1M,1982,0.408
d3a71b83-97d0-4f8f-affd-d43b2c691f04,64,10-50M,1986,0.864
3a8c8ed5-a06a-468a-9cac-3d21a5a8c8af,7,<1M,2006,0.385
039d08d0-1e0a-4f12-9136-d4adf27e8ce7,10,<1M,1994,0.423
61cf91fb-7e81-4dfa-bf16-e3e949b7e037,136,10-50M,2007,0.697
5ea0942c-3f91-4419-a846-a9df73733554,521,50-250M,2008,0.98
0d574085-0f0a-4450-8e97-8ce118643b6a,26,1-10M,1979,0.628
42a27950-2deb-4687-949a-ca460a872ac2,8,<1M,2013,0.588
d5b5b7b0-f92e-4fa1-9f26-64247fcc4456,4,<1M,2007,0.533
a84ca488-ec40-44c6-9a60-69f38e40b294,3,<1M,2014,0.309
fd2336f4-5b44-46ed-b107-6f2e0a715350,1,<1M,1998,0.498
9030fb0c-45d5-4acb-9294-100f823ca34a,5,<1M,1985,0.572
1f3acc68-ae3e-4268-bb38-bc6cae6a7c48,147,10-50M,1991,0.701
9f534d9a-a7fa-4009-8b39-8e89f842e163,16,1-10M,1992,0.587
121af952-be69-4d39-8e37-8b07cc535c3e,92,10-50M,2006,0.729
a5accd5a-48f1-4eed-a703-7089c78cd2c3,65,10-50M,2006,0.79
332ac35a-833d-4df1-9e11-a680d5016ada,6,<1M,2003,0.504
577c9717-836a-4887-8a5a-269817cb67b8,2,<1M,1983,0.417
4ce6929f-7a44-4d05-8d32-0878e83ec3a0,3,<1M,2010,0.329
18302082-69bb-43c4-acc7-21f082ba0fed,148,10-50M,1995,0.667
4c32a0a2-b452-4738-a073-09de6a8f7654,143,10-50M,2007,0.823
df22367d-4262-448c-9aa3-3580fb708dd7,7,<1M,1989,0.395
9e55f98d-4d84-4cb6-bc99-d86eb9d5546c,162,10-50M,2011,0.65
3de54ee2-a655-496c-a528-d32da60c2bed,61,10-50M,1981,0.849
f6bffaa9-71fc-42e6-b3dd-7820bd20c36a,5,<1M,2006,0.381
d93eea4d-6a6a-442b-babf-a7ef6e89a7a8,1,<1M,2019,0.369
50db8e34-938f-4b90-ac08-7d6c04de78f8,4,<1M,2001,0.328
81f46dfd-3b6b-4c0d-b028-05af580661f1,3,<1M,2008,0.39
a70a409d-ac50-4260-b0f2-4933d544c79b,21,1-10M,1989,0.372
cb21aa80-19d4-439a-bdff-e27d9b125dfb,7,<1M,2008,0.232
3a085f6a-9e18-4a98-9d2d-17716e3d2494,4,<1M,1995,0.433
ab636d66-9ab2-4735-83f0-6e7ddfaa8505,175,10-50M,2021,0.835
81dec9db-0abe-4257-8ffe-38c9d2d81eb3,17,1-10M,1997,0.711
d93d8722-1f7b-482f-a345-0e72d1b48562,4,<1M,1977,0.205
a1230193-5c53-4042-aa3e-0103c13d8929,9,<1M,1985,0.346
f198f62e-5c9d-4ead-aea4-91fccb6b6306,95,10-50M,1999,0.742
26a4cbef-a437-499c-ac2a-322ba9014e33,10,<1M,2018,0.479
be216c79-b8b7-41b0-8de8-1d1edfa0bc17,195,10-50M,2005,0.514
cfd42949-e33e-4976-9862-5813b28d7506,25,1-10M,1984,0.431
8d41d660-82fc-4908-97c3-05fc36b74e27,47,1-10M,2011,0.381
5f7b8b00-d772-4330-8f58-9a93bb63721d,35,1-10M,1986,0.511
b6f31d02-90ca-4ac3-94e3-552bfd2f1be9,50,1-10M,2005,0.561
1af026df-3f64-45ee-bccd-9b8c8508df91,42,1-10M,2002,0.442
13fc927f-7237-4f5b-b6fc-1c4679ebb8bb,2,<1M,2003,0.222
d2e55512-6abb-4c41-b928-62a9bb51cd74,990,50-250M,1977,0.941
5e8c8bbf-8f1c-4f8c-b1ae-8af92826a561,18,1-10M,2001,0.637
ca8c5366-0729-4d47-bc65-9dc94b425bba,10,<1M,1997,0.304
567b9583-e679-4a4b-b3ce-cf7c90d5e87e,7,<1M,1998,0.515
9ff0f466-ccc0-4446-96dd-58af53415fe2,23,1-10M,1981,0.361
4f10aae3-b518-474f-8587-4243cbd10fdc,31,1-10M,2013,0.678
1ecae0c0-04c7-4b2a-a598-e5c280acefb5,35,1-10M,2021,0.617
96c1b183-66dc-4989-9207-c6cc9b5ad674,3,<1M,1980,0.539
16f1e5cb-c4af-4dc9-816c-05622ec36411,48,1-10M,2020,0.71
4207fb51-52ff-4ff5-a49c-5edd69aec17b,6,<1M,1982,0.41
8d9957fa-76fe-4cd6-917e-7f4a0f8593c3,3,<1M,1992,0.461
91788bdd-4dfb-4b6e-a025-7194c903cc1d,2,<1M,2015,0.467
d0096b2a-0041-4afc-8ab2-e2ca73a55d2e,39,1-10M,2008,0.741
88ba135e-bd3b-47eb-a952-94200ba4e32b,21,1-10M,1996,0.501
57b6f1aa-f206-4a1c-ae9e-2bbfe2495790,8,<1M,1993,0.37
00862f9e-ec19-4606-a57d-4eb4223bd9be,3,<1M,1999,0.39
07ec2d32-89e4-4c28-93d8-8e04a6b96653,12,1-10M,1975,0.747
76730495-1ff0-464c-8228-8f07fbda05ae,2,<1M,2008,0.256
389d2267-b7c2-4d94-8ef4-40984d9d1bb1,9,<1M,2003,0.467
91b0af07-4700-4fcf-9eb2-d4901c66fdd9,540,50-250M,2016,0.701
db00ab4c-91e5-4e86-aefe-02c34276bfe1,9,<1M,1986,0.538
a6685e80-f16d-4fe8-ac50-4475a4165dd1,200,10-50M,2000,0.833
01521e60-50f5-4bd8-b2e8-9652884c0a55,9,<1M,2004,0.217
a041301d-1016-4d65-8f90-f91a544810de,51,10-50M,2000,0.778
f18c5581-3c9b-4b84-8b4a-ddc685096c78,86,10-50M,2013,0.85
0fdf60d5-20a6-4f9b-885b-811b10a5b073,8,<1M,1991,0.367
3bad3a0d-693e-4fcf-8080-aba49e07809d,174,10-50M,1996,0.841
967aefbb-5404-401d-8468-1060743e5fef,3,<1M,1986,0.298
2f98ad33-71d2-463f-9ef0-1577b980e521,4,<1M,2018,0.293
f863af2d-5e6b-4460-8a83-2ab557c850b0,4,<1M,2005,0.414
1182e8e7-c907-4c97-b385-db3be893786d,4,<1M,2012,0.237
00f24a96-eb82-4435-b82a-fbde7ef55011,156,10-50M,2017,0.806
5b9e75f4-12e0-4b9c-8288-49d95ce195be,2,<1M,1997,0.305
8df4097b-d8f8-4018-96fe-47692c9de90a,8,<1M,1975,0.546
5f5258ab-cf3a-4723-9ea0-c5033d7a774e,182,10-50M,2009,0.639
9db402f1-c359-4dc2-8bd3-72a9ebc78c06,6,<1M,1998,0.429
c8dfd1f1-14d7-4283-ba30-3cce359097e0,198,10-50M,1975,0.622
b1cb62d0-8685-42d2-9fb6-8406b6658a34,20,1-10M,2017,0.737
37f5c238-6559-4365-bc00-a0f0dcf89878,3,<1M,2009,0.31
6d150b06-561c-4af3-9f02-1a1983239ba9,9,<1M,1990,0.325
8346452b-8073-4a66-97b4-db174b658517,26,1-10M,1979,0.624
c4bb4ace-d0c8-4a67-bec6-2bbe4d7ec4b1,4,<1M,1996,0.329
78d540ef-030b-4532-a7c2-4c68c1ff9427,83,10-50M,2002,0.704
5025ac18-15fb-45dc-8aba-ef3c5735773c,35,1-10M,1976,0.43
5acb287d-d594-4c84-a8aa-454ecf76770a,72,10-50M,2006,0.69
fe87a6bc-f3e0-4dc5-ba2c-9e7927584f1a,31,1-10M,1982,0.66
e50dede5-a395-4867-b397-d1a1f6419405,29,1-10M,2019,0.66
a8d99292-4a85-4443-bba8-78d934b55b86,6,<1M,1993,0.598
4f4c3f0b-34a7-4f9d-9ed5-c01721433dfc,903,50-250M,1993,1.0
663463e9-d317-48c9-9060-573a721b7707,9,<1M,1978,0.316
b62e8f02-d7b7-4862-b347-f1d458c6b1c6,10,<1M,2018,0.253
3d5cab0e-0b2d-483a-b218-9128b2da61f7,30,1-10M,2002,0.682
1397b542-5e65-4990-becd-0ded1f08f855,166,10-50M,2020,0.635
57f9f3a7-6193-4947-b63f-56acbfeeb533,1,<1M,1983,0.494
d770a46e-4775-47ab-9207-7bc478858b6d,40,1-10M,2000,0.383
b6e3b91b-3777-4823-ad8d-7db85bab96cc,47,1-10M,1986,0.597
0c754a17-0131-4601-9923-fc7a0d6b160f,7,<1M,2012,0.205
f5705436-3877-4265-902c-01a3ab404598,7,<1M,2000,0.336
8aad0665-ef30-441d-b505-c5639fea97cc,10,<1M,1998,0.323
4748ffb3-d0a9-4757-a870-2d9710e67176,5,<1M,2018,0.441
18412e07-f583-4c69-807f-26542be4be9c,40,1-10M,2007,0.387
9bc8d6f6-0484-41b3-95c9-74a411489054,641,50-250M,2015,0.957
1452e130-9ea8-4fe3-be59-034bc1dadb7d,7,<1M,1976,0.581
47334b73-225f-42ab-9425-04b8e098d2e3,366,50-250M,1993,0.739
0dd7cac2-8a10-45c5-b4b0-738e3e040782,174,10-50M,2007,0.87
11ea8815-7ddc-44f5-9eaf-9631108abb5c,7,<1M,1975,0.432
9b191112-2d2a-408e-ac8c-5d0e3eb366fd,1,<1M,2007,0.224
7b64665c-cb26-4809-b429-73f5d1d18e0b,28,1-10M,2019,0.615
8fe88b77-6009-405a-8881-7b98741f5545,4,<1M,1991,0.395
625046c0-5f86-4c8e-be00-6ccbf8723487,1,<1M,2020,0.31
7d165228-b589-417e-8275-b18a593c73f2,377,50-250M,1997,0.746
25dbbe8d-a534-4425-aa69-b7f7b28d7cb8,21,1-10M,2010,0.536
e041f0a3-3056-487f-a8f2-6d6384bed7ed,8,<1M,1989,0.208
a2dcb574-1bf9-42a5-96c0-68e8de922cf1,27,1-10M,1992,0.642
c6141017-11e1-41c7-98cc-84170067743e,795,50-250M,2002,0.655
366b3575-d07a-4518-912c-f322735e8153,38,1-10M,1977,0.694
579744ba-1073-40cb-86d9-e34d1feb21c7,5,<1M,1976,0.586
fca54576-8523-43d7-9a5d-376e602ba256,2,<1M,2018,0.375
660237ed-aa42-4203-9c78-4ca4f0e4ca0b,276,50-250M,1975,0.872
c05e5ade-b303-4188-b378-cb94478b2f00,3,<1M,2003,0.383
53559e80-bc5e-4e2f-8ebc-1bd7f8378be2,4,<1M,2002,0.581
628616f4-bbf9-404b-99b7-775fe7bb5e42,437,50-250M,2000,0.776
8c7aa939-ff0d-43c2-ac4d-cd33d51528af,32,1-10M,2001,0.396
53958e5c-edd0-4e02-add3-2be929052dd7,6,<1M,1984,0.321
9372e80d-ee89-4190-b94b-5d35df377ff8,3,<1M,2001,0.317
4a7d6fa1-1d9d-4b86-8253-fb27393aa0a9,685,50-250M,2008,0.72
d8dcc3a5-309a-4327-891d-47fe970e287a,22,1-10M,1990,0.4
50e08a81-75ea-4023-9a34-65d989cd90e7,7,<1M,1999,0.561
4600fc5f-1f9b-4662-b048-16fdfd869a13,30,1-10M,1984,0.529
cf7798cc-ef36-4eb1-bb8f-7b2bd91b1cb6,3,<1M,1984,0.333
793228b9-ad8a-44bc-ac24-dcaa566082e1,856,50-250M,1976,0.75
dda8b391-9494-465d-8a91-28fbc0948932,5,<1M,2018,0.502
bc3ddbfc-3216-4340-bf95-ff33cdea6f52,167,10-50M,2020,0.827
a66ccf43-83f3-4f4e-baf3-6aec1e0a7157,308,50-250M,1993,0.949
b119779c-c69e-47c9-a018-5b17bec5715c,30,1-10M,1978,0.712
a43366c9-7d3d-4b72-9f3e-c5721527b2ac,5,<1M,1993,0.583
9248c8c8-4c61-4a43-af04-1c76b3e6922d,4,<1M,2010,0.506
ca41e052-d19e-4f98-b6b8-432989fab5cc,12,1-10M,2006,0.403
933882b3-20fa-45b7-8a05-49501f7fe5b0,42,1-10M,1987,0.585
a8be8d1f-4b1c-4df3-8865-b35ce79524eb,1,<1M,2008,0.512
371831f3-d527-489b-9b28-65da4cb9be7b,6,<1M,2014,0.292
f1da833d-1550-4390-b4c0-db3e666a4a82,2,<1M,1996,0.45
9adda7c8-82ec-48aa-920c-d375a5d453c4,44,1-10M,1982,0.437
55616496-e8c4-4e4c-9ce1-bcc216c702a1,7,<1M,2004,0.311
b3510ddc-5951-4620-8769-ee241875589a,42,1-10M,1975,0.553
4251d2f0-20a8-4260-97a1-a2f67a139e90,43,1-10M,2020,0.48
fc7aa2dc-705f-4ecd-aedf-f02e75318081,35,1-10M,1977,0.407
1458771d-a27a-4bda-9713-742bd862042e,132,10-50M,1991,0.6
22ecf870-bb15-494a-aeb4-7b07823901c4,541,50-250M,1983,0.805
a942b4d7-bd2d-4fff-be85-544c3e859c67,41,1-10M,1982,0.72
8380d397-2221-4e52-96e3-81035df70cc1,135,10-50M,1983,0.553
4b25c483-7bae-4f3b-8c96-edc24a41aed8,63,10-50M,2009,0.691
7cff07e3-d92d-4519-9e24-c724e47a7b03,102,10-50M,2002,0.533
8772df4a-15b1-44a6-b292-45ba7df6bc1d,8,<1M,1991,0.392
cfc15689-8953-4e15-aea3-7b78e466c937,7,<1M,1998,0.205
54ca6897-be71-4d60-abca-4f866500f793,1,<1M,2003,0.544
c3af3d93-c047-4d80-932b-d70a209f839f,45,1-10M,2018,0.556
3c8b966c-af37-4e8c-8473-5700037e7f60,4,<1M,1978,0.422
1d71f339-c448-42af-87f8-b6f13fdd0e2b,9,<1M,2019,0.389
3ab8ec3f-2612-49e5-a26d-18f6a1001bc8,4,<1M,1994,0.379
3b3ed7bd-fae9-4dd3-a220-9a31b33d9c7c,2,<1M,2008,0.404
0a77b5cc-2e87-4651-8c2c-a7fae525aeaf,28,1-10M,2008,0.514
ab402561-18cd-49c9-9c8d-23b44dea5200,89,10-50M,2000,0.803
62510f01-9596-47e9-b5c4-be0846a47588,38,1-10M,2021,0.521
33b636dc-c2d0-4c42-bd59-5978796512e3,20,1-10M,2011,0.703
1e0fd29b-b7a2-4b33-a13e-cf1572cfbb0e,730,50-250M,1996,0.945
65c227c0-d085-449d-bd9f-82d730b05a0b,660,50-250M,1997,0.773
9267e7e6-28f5-45c2-80eb-f7252f1ef8dc,4,<1M,1996,0.568
2bcdce43-1e7d-4f7b-8d59-c34d44bd604f,92,10-50M,2000,0.736
a60da1aa-005b-4f73-9dbe-4a3c88db3692,35,1-10M,1989,0.694
d0e04655-a03e-4b5d-8ea8-d0eefc3a156a,158,10-50M,1999,0.651
41e15f65-a761-4e80-b216-880d61c9815e,9,<1M,2017,0.214
e6f47dcf-25f9-4ab9-9e5f-310c6f144dc6,6,<1M,2015,0.398
11c7bec9-3016-4ecc-9b9a-3a55aff745a0,4,<1M,1977,0.277
037825da-d399-456c-9c2b-498f054da360,49,1-10M,2020,0.538
56a0b8b4-d179-4ee0-bc73-1d478ad8c568,32,1-10M,2009,0.58
8b2a3730-a0a2-49bd-8478-09c0b1299cb7,10,<1M,1975,0.207
b7007ce3-e25c-4f9c-afcf-ea4d627e91e1,2,<1M,1994,0.401
55b85720-87cd-4444-adba-97542d95d98d,177,10-50M,2015,0.73
cf8b4eb2-43f1-4176-aed1-58095e7e2813,3,<1M,2018,0.522
474a3674-ba09-4484-b5a7-620d6d6d91e1,128,10-50M,2013,0.61
a7698b2d-f1ab-47a0-8d59-1b8c23627835,31,1-10M,2021,0.729
cfb0d68d-b189-45a6-86ce-c51b93efb5c4,37,1-10M,1983,0.494
dde4cd87-d96d-4200-9947-c72a5c613985,113,10-50M,1996,0.807
06beab4a-bbab-4b0e-a0a1-451d24a0aaad,9,<1M,1985,0.576
0331bd0d-13ba-4d24-bebb-527c1438e799,10,<1M,1979,0.457
b1fbb587-a514-43fc-8809-a0b471a84189,13,1-10M,2007,0.544
420fd9a8-d45b-4e9b-b61e-c0ed8ddd2994,131,10-50M,2005,0.56
d77a80b8-9ae6-4efe-8f2d-e908f9da4f55,4,<1M,1986,0.363
5cda0385-13eb-4358-9ab9-f6621bc02912,47,1-10M,2012,0.505
44e831e1-3d86-4ad2-8849-30a1ede02d33,1,<1M,2014,0.33
212804c5-f94e-485d-9b18-2716b9c6b26b,47,1-10M,1983,0.732
17e1e8f6-a03e-4003-a29c-b897142925a0,21,1-10M,1978,0.533
c4c557d8-ee23-4eb0-85f6-2467a6c1d136,84,10-50M,2007,0.868
91206a37-2703-475d-b540-838e13331679,80,10-50M,1997,0.702
295642c6-4bac-4a4a-af1e-4acf2b729d66,96,10-50M,2020,0.61
1fbc4004-f098-4a1f-a3f4-59beec95ccf1,433,50-250M,2019,0.756
155fa2f4-5fa9-421a-904b-10c8f3b937f2,52,10-50M,2001,0.859
4a68bbad-1af4-4f72-9a62-2059279163f4,253,50-250M,2002,0.908
bb55cfa3-2e26-4519-95f8-77681bef39f1,358,50-250M,1993,0.653
745f4433-4743-468f-9d44-7f4179e984e1,121,10-50M,1981,0.607
79315fc6-fa82-465d-ae1b-abe2ca208c07,34,1-10M,1994,0.356
73905263-b653-4dba-9faf-c6cf4c5fccfb,30,1-10M,2015,0.548
6b4a3541-f123-467e-996a-2b3632d7cc22,2102,250M+,1976,0.526
bbae2fbd-bc99-4291-9342-98bebe2a85c6,198,10-50M,1976,0.603
d51f6de1-f17d-4a26-b357-d500fcfd348c,106,10-50M,2000,0.825
f3cef8b7-35b3-4874-991c-228f3754c5ec,505,50-250M,1998,0.682
5a2a83bd-5a0a-4917-a90f-1c3c69ff6cc0,519,50-250M,1986,0.946
a8dbe9a1-d857-4c60-88f7-972661ae2255,163,10-50M,1984,0.675
7f1464b3-1a8a-46f3-a949-9fceeeb81b7d,12,1-10M,2001,0.594
32103c49-1d4f-41c8-a18e-72a78d34dd83,90,10-50M,2015,0.613
43b63613-a89f-4f9d-a12d-ef5844820852,397,50-250M,2011,0.89
8e44f2f8-3de8-44cd-ae15-c527fe2a0cbc,173,10-50M,1988,0.673
288fc36a-846c-454c-9170-a2efe777c664,1877,250M+,2012,0.755
06905ba5-17e0-4df5-97df-85b33429c8cf,519,50-250M,1995,0.91
3d5e69df-2fc2-447c-9bad-d755c7101f3d,4504,250M+,1988,0.981
05ec8e9f-a09f-4700-a4ce-1460ef5a9491,766,50-250M,2011,1.0
640b7b85-353d-4edc-969b-deb1e9a7f5e0,37,1-10M,1999,0.401
e754d4c3-0298-4dd2-8c7b-34e22e07cb63,851,50-250M,1995,0.903
89344b06-0790-4eb4-9b2a-1376315e4e80,95,10-50M,2015,0.673
b544f70c-593a-4b51-978b-55e7f406d6e0,145,10-50M,1981,0.73
1a574cee-6490-4d65-b63d-329547f50a35,32,1-10M,2019,0.447
620f4af4-9b77-4a46-9b88-fe699f7717ca,166,10-50M,1993,0.844
a52523e3-e093-47d5-93a1-b88a9a980457,74,10-50M,1991,0.763
507ffc32-c78e-4415-a521-51f95f390d2b,18,1-10M,2000,0.376
1a58fa44-37ab-4ed7-86fa-aa8336511c93,26,1-10M,1984,0.392
7e7279ce-cd7f-45f6-8cb6-80293276ab75,142,10-50M,2019,0.777
fcea9a96-9364-4cb5-9b29-920ac886b7c6,49,1-10M,2013,0.452
5133577b-4651-4173-8d0e-391db9272714,27,1-10M,1980,0.726
9e33bdbc-f00d-4a65-9fb8-4f18d7d3ce21,179,10-50M,1980,0.774
d0ef0cd4-5e6e-4398-8ff1-b675e6fb976b,34,1-10M,2008,0.4
d9a3ac28-e346-41b7-9589-9035c0c6e3ff,36,1-10M,2007,0.383
c425d020-4389-4f66-9780-29e939d00762,62,10-50M,2021,0.654
3754a771-aba5-41c9-835c-5d033664cafa,34,1-10M,1979,0.427
d909e0c9-276c-4935-a7c1-0adb743ac892,798,50-250M,2013,0.89
f3952657-4ea1-4bd9-afaf-20ec2a08c526,23,1-10M,2015,0.715
43fcf7b7-5a19-47ab-b3e0-467e87e81b25,165,10-50M,1999,0.818
ed92b753-bb64-4511-a1ec-ff07a60c1329,51,10-50M,2008,0.674
0922d88d-e522-4d31-8d9a-6fce1d7cf46d,972,50-250M,1993,0.689
2bc8906f-34a9-4b86-bec3-91ef44ad2484,48,1-10M,2002,0.649
ae7303c0-50ab-4660-ab94-5cbb3d162ab9,175,10-50M,1981,0.767
794ceef2-f833-4fa7-9a26-15f89810b8c1,11,1-10M,2015,0.677
4dfa6a17-1999-4b39-980a-7e01c67736bc,142,10-50M,2005,0.792
84909370-e430-4b91-956f-e90eb5ccdbe6,26,1-10M,1981,0.439
5b7117bd-2442-4191-be7c-7d6ea8cc4515,17,1-10M,2016,0.503
add74b0f-e90b-4651-83eb-4ff02cc9abb6,1432,250M+,2016,0.898
58d4d949-cad6-43ef-8ae2-f489f7d8e086,88,10-50M,2008,0.506
ccbeb6db-108a-44de-89cb-67907ca08cde,183,10-50M,1979,0.734
aa52cdf3-8082-40ee-9be8-1d7ac90703e8,57,10-50M,2004,0.528
cfcc2abd-3fac-4bcc-9ac9-2db2eed4d005,89,10-50M,1990,0.632
22bca104-4001-470a-b312-de73c48563a3,716,50-250M,2002,0.962
ef544897-80fa-47e3-9031-d661b1b2b9c6,45,1-10M,2014,0.521
e8273dee-9d7e-4eb7-a3fd-6adec17fcf19,1853,250M+,2006,0.6
dffa28ae-c353-4c87-8eb7-138a767a92b7,43,1-10M,2005,0.723
bd8fa26f-1f16-4e17-8f94-d562dd43b0cf,54,10-50M,2004,0.645
a0d44d24-4d07-4581-a79f-5df0da2d6df9,136,10-50M,1987,0.606
719deadd-817c-4779-952d-8f91064fe164,106,10-50M,2003,0.856
1f89cec2-9dfe-49d2-a87d-2106dbfbfea4,466,50-250M,1985,1.0
f58703c5-199a-43da-aae3-9bc04a1954ec,124,10-50M,1987,0.891
949e24ad-02d2-4ee7-a3b1-a52e907001b6,38,1-10M,2013,0.404
5b9559d0-2887-4d02-bb54-35ba0255b13b,4641,250M+,1975,0.947
a88fc85a-c33a-402e-88f3-332a47414ca4,193,10-50M,1979,0.74
b2a0f851-2121-4c4f-825c-a2e38682d62f,830,50-250M,1981,0.773
79f633e8-ade8-4084-af29-f4137fdae666,194,10-50M,2005,0.502
d8c80184-0994-4e76-9d4e-2772401fb5a6,1262,250M+,1999,0.712
493d269e-adc9-4caa-b000-f93b7db8ed71,69,10-50M,2017,0.522
5738db52-126c-4e50-9d4f-4af28becb8cc,193,10-50M,1988,0.833
234bae09-da79-4686-8f06-c963e65664ac,141,10-50M,1997,0.764
4a36a7c0-f0cc-4f56-9242-89ea39597465,279,50-250M,1993,0.69
e44d8dc2-b290-4892-8bc2-d46d0e807f03,181,10-50M,1986,0.879
a9d06567-c1e1-48aa-ac96-af2754614433,128,10-50M,1989,0.891
edeac5b8-9cc8-42cd-bd42-11d1992033eb,156,10-50M,2006,0.706
06bf1fb7-0e2b-48c9-ae66-2c46057d4e28,60,10-50M,1983,0.704
6d44f723-b38a-4f82-ae02-0a88200f8ed9,163,10-50M,1991,0.531
bf5a910f-69be-48c9-ba24-ec1902929d3d,134,10-50M,1981,0.567
9b2aeea6-2135-4574-8adb-8f79ff82bf84,122,10-50M,2012,0.791
f1015bfe-4d7e-4c8e-b68f-f0dc718bf53a,1509,250M+,2008,0.608
7c781b98-9f32-4d3e-b358-206db49bc1ef,24,1-10M,2021,0.666
7429cf81-c3a2-45ff-a660-604f70b6052f,20,1-10M,1981,0.731
61f14c98-dcde-4dc8-84d3-40e87ecfbfc6,160,10-50M,2010,0.547
e4a6bf51-c125-498e-9bd6-5690e8f94c88,326,50-250M,2011,0.817
0e9f52f7-c09d-457f-bc44-1fbcedb68854,79,10-50M,1987,0.614
47dbf6a2-03e3-4f78-a85f-da5521c268f3,101,10-50M,1983,0.864
cf6d2a9d-a72d-4bf4-884d-16c04021a347,190,10-50M,2002,0.602
a34321bf-7aee-47df-9bd5-5037f7444596,92,10-50M,2013,0.745
259b5aea-2cab-49ad-a15d-d7c43a38204b,156,10-50M,2001,0.778
fdf1d205-b6ec-484e-b3a2-dc1d0f916e97,22,1-10M,2001,0.351
5f116839-9203-4fc2-9366-e938343c1752,29,1-10M,1998,0.5
f9375fff-f146-46f1-b87e-d06b5fed5cb7,159,10-50M,2019,0.691
c8914d99-8218-4bb9-bdf6-8eb0c7e75797,873,50-250M,2001,0.794
89f9c43e-6b07-4c79-bbe4-3aa78c58fff0,122,10-50M,1975,0.826
3e3a0dfc-5424-4ae4-be78-af27e93bda3b,30,1-10M,2018,0.472
5cbf7ee6-ea25-4d83-9391-d18a8171d955,113,10-50M,1993,0.861
49714ec3-cbbd-4732-82a1-a4299b050a6c,605,50-250M,1988,0.744
6b2b0c27-1eec-4480-aab1-803803f89c7b,4040,250M+,2013,0.941
20a0c244-5ab7-48b2-ac1f-b2fce77d9bec,84,10-50M,2004,0.768
68ac039c-e921-4231-b2ea-ce11f32de530,46,1-10M,2012,0.723
01fe1d86-e545-4cc6-a6fa-466b15733a73,4258,250M+,1999,0.943
e5b58f30-8486-4583-906a-e95d0c5c9940,135,10-50M,2005,0.765
473bccd4-84e6-478f-ae37-b72135ef2b60,882,50-250M,1987,0.772
1b2aa4e4-c0e3-44e7-9b2d-f807fd225cba,145,10-50M,2015,0.763
0699576d-d288-406a-951f-03b17d058c07,106,10-50M,1998,0.501
7e45fee4-6ea8-4b32-a38d-9fb071c487bc,656,50-250M,1981,0.763
8349c078-bc4b-4732-a170-920c7416386b,47,1-10M,2002,0.573
a095c0d0-a26e-47da-b2fd-a085091f73f3,229,50-250M,1990,0.943
b9291d34-db6e-40ba-842c-a512f369c683,35,1-10M,1991,0.725
7bf6b2ad-5944-469c-a341-441c3c165571,813,50-250M,1995,0.898
1cc41c62-380b-44cb-98b6-66f84ba0768a,162,10-50M,1998,0.806
65e92e49-b26c-4876-98fa-e8c71d10b6f6,150,10-50M,1990,0.718
52bcb64d-c594-48c5-8ff0-18450f90cd63,199,10-50M,1982,0.581
8938279c-2aa2-4c1e-a028-c315928fbbae,151,10-50M,2014,0.587
c44fc2a8-5a4a-46ae-a987-cfb255525e11,423,50-250M,2020,0.801
8d8e352b-3732-4d15-a9d4-45f354dd528c,493,50-250M,2009,0.659
c5bcc4cd-a1ad-4f14-bae1-9f9c0634e0e6,20,1-10M,1993,0.559
0528d309-6a56-487d-bb8e-37e2c32bba73,13,1-10M,2002,0.508
33e1f6f7-757a-4703-8628-1fb84d59f68e,137,10-50M,1992,0.681
61e5835e-3e9f-469a-81b0-1ca488800d17,174,10-50M,2003,0.595
1be40ba9-902a-4019-ba0f-fa865eaca15d,71,10-50M,2011,0.721
910f445d-d6f3-4d9b-b918-a6e885fde9e9,98,10-50M,2015,0.676
7ff3e818-8bab-4414-bd1d-3494cb712efd,114,10-50M,1999,0.562
c1c353c4-2095-45a4-a02c-f60413d754d6,4845,250M+,1985,0.743
dfcc8eb4-bfbe-4892-a3ce-37db7cb8b49d,21,1-10M,1993,0.434
34579c7f-af5d-499c-85f3-cb124a4a5612,76,10-50M,2011,0.624
2de1bda4-6a92-447b-9154-00a60283a43b,30,1-10M,1998,0.398
59b7463f-1117-4840-a80d-4e22982e2afd,38,1-10M,1975,0.354
ef2ecdc9-673c-484b-8459-61729fdf4b1b,138,10-50M,1989,0.735
6208c875-c41c-433d-a513-964e965a693e,137,10-50M,2013,0.666
edf6cca4-1761-41ce-b768-d6aafd34d21e,114,10-50M,2004,0.735
62b215ad-c61f-48b1-a097-5bc064abd035,580,50-250M,1991,0.652
6fef2c5d-d702-4edd-a494-0bbdb61ae1b0,2216,250M+,1987,0.9
ba7e6b51-5892-471a-ab87-aea4c54f87ad,641,50-250M,1977,0.905
ebeb9d98-80b7-40a6-80f6-6fdeea725584,134,10-50M,2000,0.626
9b8826ed-ff4a-4185-b886-f504ed758b74,964,50-250M,2018,0.757
d8868de4-d585-4f0b-ab69-1bd21533fe82,652,50-250M,1997,1.0
e5d20eae-5104-4a0c-a650-8af4d9259a4b,344,50-250M,1988,0.852
4688d612-0b64-4782-b182-96af2c2e8ba0,35,1-10M,2016,0.435
1691c83a-7687-453e-ae26-5c9590f1c7ee,104,10-50M,1978,0.565
d659d69f-4eca-4266-bf29-d615f1780077,111,10-50M,1988,0.636
d5d4999b-39d8-4a14-a9fa-c66650c74b31,36,1-10M,2019,0.648
a18af249-d45a-4de3-b31d-c76f85e620fe,76,10-50M,1998,0.683
57992f42-351b-4e63-89e7-85c7cbd8715e,185,10-50M,2004,0.596
