user_id,owner,stage,open_opportunity,arr_eur,last_activity_at,notes
1a3d1fa7-bc89-40a9-a3b8-c1e9392456de,Jonas R.,customer,False,10700.0,2026-08-25T02:06:34.520286+00:00,
386ecbe0-6b65-46a4-8b81-48f6b38a088c,Lea M.,opportunity,True,23000.0,2026-09-08T15:13:37.477674+00:00,
4a15544d-c5e7-4e8a-ba57-8a8ea9488d99,Anna K.,opportunity,True,3900.0,2026-09-21T11:08:42.772158+00:00,
7656af72-29d4-4eef-beab-edcbbaa80dd4,Lea M.,lead,False,,2026-09-10T13:16:45.455867+00:00,
3602f8ac-10f1-4c81-848a-aa9e66b2bc5b,Jonas R.,churn_risk,False,19600.0,2026-09-19T04:28:58.495298+00:00,
1c8eaee9-5715-4d6f-a416-1293c4c2e2e3,Lea M.,churn_risk,False,21100.0,2026-09-13T03:37:56.002258+00:00,
93829b43-922f-415a-a1e3-db63ef7ddc76,Jonas R.,churn_risk,False,2400.0,2026-08-29T01:55:27.799267+00:00,
db20a56e-dc81-4fe7-8eda-8bbb71710434,Jonas R.,churn_risk,False,14300.0,2026-09-25T07:45:51.218400+00:00,
0f02bad0-e706-4ef4-a6aa-9385dd59ba71,Lea M.,churn_risk,False,8600.0,2026-08-21T15:36:08.015925+00:00,
0a2c827e-9832-4856-9434-0a033f07f814,Anna K.,qualified,False,,2026-09-24T20:45:12.100778+00:00,
50f0fd0a-750c-4b75-8ccc-9bc2a53f8a28,Jonas R.,churn_risk,False,19000.0,2026-09-18T09:15:06.144208+00:00,
3e896c64-e117-4ac3-919c-4ea3e1805081,Anna K.,customer,False,19900.0,2026-08-28T00:01:21.091874+00:00,
e767dcea-b0e6-4969-a213-42b0f1eedba3,Lea M.,opportunity,True,1500.0,2026-09-12T13:19:22.290044+00:00,
b572f3d0-0b5c-4a6a-8135-7e8c30a900ad,Anna K.,qualified,False,,2026-09-09T07:37:00.532033+00:00,
cb323e35-7922-4ac2-82dc-4c8e36b5229a,Anna K.,opportunity,True,20800.0,2026-09-09T18:01:31.051608+00:00,
3eae0032-0bd4-4990-8640-be0f25b8fd4b,Anna K.,customer,False,3200.0,2026-08-11T21:19:48.817609+00:00,
236c7b87-14a0-4ccb-8a47-6a87e49d681d,Lea M.,opportunity,True,2300.0,2026-08-28T05:30:23.464294+00:00,
978648f8-64de-42e6-a82c-7d7b06e745f9,Lea M.,customer,False,15300.0,2026-10-04T02:11:29.426990+00:00,
d4f8fd72-f382-4cfd-8083-b73a473bd358,Lea M.,lead,False,,2026-09-27T00:56:37.921892+00:00,
c85aca46-90e0-44a0-bbdd-3933cbd58bf6,Lea M.,lead,False,,2026-09-08T17:34:35.780111+00:00,
6694c343-10ba-48e3-9276-2bdc1d34d08e,Lea M.,lead,False,,2026-10-07T00:13:19.729947+00:00,
61607459-85c7-404b-8693-da1139c6a1ca,Lea M.,opportunity,True,4400.0,2026-09-02T14:20:44.691705+00:00,
7135f221-a6c9-437f-84da-d06a7872bdeb,Lea M.,lead,False,,2026-09-06T20:06:39.664523+00:00,
764414fd-8ae7-49ed-9e8e-de0ba85c6e4a,Lea M.,opportunity,True,2400.0,2026-09-25T09:02:20.316977+00:00,
821c1336-9970-4f60-abff-8d1530cbd755,Anna K.,churn_risk,False,8500.0,2026-08-14T11:33:43.780096+00:00,
d85480f0-dfca-40b7-99b1-7e80dea4ae17,Jonas R.,lead,False,,2026-09-13T05:53:37.775896+00:00,
a65bb1f2-65c1-4795-b155-16bc9f8ded97,Lea M.,lead,False,,2026-09-15T18:13:30.309097+00:00,
0e5dd462-cbd0-4ef2-930a-37df0bc61066,Jonas R.,churn_risk,False,3500.0,2026-09-14T12:53:10.052500+00:00,
b0b862ef-6c9f-42b9-b647-8986a3917c99,Lea M.,churn_risk,False,15200.0,2026-09-27T04:56:11.572656+00:00,
a881bfd3-d47d-477b-ba5a-91ca059dd55d,Anna K.,qualified,False,,2026-08-14T20:51:55.290636+00:00,
a2f963a3-3810-4e66-9a31-b4cccd4b69a9,Jonas R.,lead,False,,2026-08-23T08:37:07.052019+00:00,
21a4344f-bb7b-4e03-9d67-8bb1945ef2e4,Lea M.,customer,False,24000.0,2026-09-14T23:14:16.832373+00:00,
f1b64afe-d31e-4f1a-a9ff-1cae41c8ca8c,Anna K.,customer,False,16700.0,2026-09-03T15:35:05.887135+00:00,
d2e82f38-a2a9-44d8-902e-fde5a5cc8bf7,Jonas R.,lead,False,,2026-08-09T10:09:36.809629+00:00,
b24cc64f-be3e-4e57-b30a-9e32aba4fc03,Lea M.,lead,False,,2026-09-17T20:24:59.670080+00:00,
90882eaf-c977-4598-a03c-8c25fd235def,Anna K.,lead,False,,2026-08-19T09:08:26.807449+00:00,
402adf9c-8a4b-4f7c-a147-2a15fcce96f6,Lea M.,churn_risk,False,20600.0,2026-08-09T18:56:28.187777+00:00,
e0b15aba-a6a2-4967-a79b-44b6da509fed,Jonas R.,opportunity,True,16600.0,2026-08-12T07:09:21.015958+00:00,
5fd23109-4140-452c-aa44-825950018b7b,Jonas R.,qualified,False,,2026-08-26T12:35:02.694202+00:00,
8fca7b6a-8fc4-4092-b4e5-59e596229348,Anna K.,customer,False,4000.0,2026-09-17T03:20:34.605043+00:00,
279c658a-3676-4ce5-81e5-c9f693f277cc,Anna K.,churn_risk,False,14600.0,2026-09-29T21:33:59.811991+00:00,
bf012e32-177d-4e7e-87d9-24cef8c88fae,Lea M.,customer,False,5900.0,2026-09-03T10:38:49.482503+00:00,
0cbd3c03-9e2a-44ac-8122-b5b3284c03d2,Anna K.,customer,False,20100.0,2026-08-24T05:24:56.730094+00:00,
6de59332-9364-43d0-9024-bdc6dcb33df3,Jonas R.,customer,False,4700.0,2026-09-09T15:23:14.084495+00:00,
9050f7ef-c123-4c91-b6c5-a0dc7e7e7419,Anna K.,opportunity,True,16200.0,2026-09-11T18:47:29.956224+00:00,
cbdc4318-4d85-43d2-a1a2-748571348c2a,Jonas R.,lead,False,,2026-09-01T08:38:32.464039+00:00,
626d719d-81cf-4252-9815-9d6c9d713084,Anna K.,qualified,False,,2026-09-26T13:16:17.702194+00:00,
57eb89b1-d65e-49dd-a62d-2d06cf9b8558,Lea M.,qualified,False,,2026-08-30T04:02:47.524644+00:00,
ca0ac6ac-0d67-438e-990f-0c5badcc3daf,Lea M.,customer,False,13400.0,2026-09-17T05:51:17.866810+00:00,
eaafe543-2434-4678-a9e2-7ba9952e6abb,Lea M.,customer,False,3700.0,2026-09-18T19:41:13.814710+00:00,
86c1b6cb-e996-40f7-af77-520eff4625af,Lea M.,qualified,False,,2026-09-10T01:53:51.665470+00:00,
5e2ad32d-31ab-4b56-95c9-fdc7e76adca9,Lea M.,qualified,False,,2026-09-07T06:31:25.920226+00:00,
d11376e0-38d7-4b9a-a916-da57f24823ab,Lea M.,lead,False,,2026-09-22T19:45:47.466837+00:00,
d5c0244d-3735-462d-8184-3b0304dd7054,Anna K.,opportunity,True,1800.0,2026-08-28T03:27:54.342266+00:00,
d6312a80-1c61-4ec2-9014-2131750565f5,Lea M.,customer,False,13200.0,2026-09-21T11:04:10.412097+00:00,
15eacbcf-ab10-41ce-aa14-3cd82ff3cde4,Jonas R.,opportunity,True,8700.0,2026-08-21T08:53:48.916895+00:00,
5b6a8102-0428-4378-bf50-23f440ef3935,Lea M.,qualified,False,,2026-09-23T23:10:52.101668+00:00,
af475b49-c775-4395-9494-05f02cd2a404,Anna K.,lead,False,,2026-09-03T07:09:33.332622+00:00,
13aec376-c359-410a-b1a6-014c5f3c44dc,Jonas R.,customer,False,11600.0,2026-09-08T08:53:20.719738+00:00,
10d4de39-1612-47c9-a25d-f9a89ca8a5c4,Jonas R.,opportunity,True,23500.0,2026-08-19T08:59:35.991039+00:00,
e6e987ca-b87b-4384-9fdd-de2ea8a2b7ad,Anna K.,opportunity,True,8100.0,2026-09-29T08:17:58.254185+00:00,
8baaf744-a08d-421b-a395-4cb17f7f6c0a,Jonas R.,customer,False,20200.0,2026-09-05T23:34:37.882238+00:00,
9b4e164b-5716-4c2e-b43a-da2a76e5ae78,Anna K.,churn_risk,False,14700.0,2026-09-09T21:18:55.948214+00:00,
25d4a0fc-6154-4765-9756-ba9cc64c9647,Anna K.,opportunity,True,14100.0,2026-10-03T17:32:54.370945+00:00,
4c3077c4-fb75-4923-b910-abb3f1053252,Anna K.,qualified,False,,2026-09-05T22:17:26.262663+00:00,
e7ba26ac-ab7a-4d1c-8cfe-f6833e11bafe,Jonas R.,qualified,False,,2026-09-24T22:06:17.157262+00:00,
6afa828c-2cd1-4b9f-abe5-841fe9c96c52,Anna K.,lead,False,,2026-09-19T03:49:20.012876+00:00,
f0458043-e3a6-4a70-be71-0b558639bd41,Lea M.,lead,False,,2026-08-11T05:17:32.066510+00:00,
951c25d5-4d4c-4280-9462-52e7f43ba052,Lea M.,lead,False,,2026-10-03T19:32:28.124510+00:00,
86879aa9-14f5-43d0-8991-2032df85c777,Lea M.,lead,False,,2026-09-17T16:09:30.378753+00:00,
4cc57e0d-2633-4018-a883-ac6e6a944054,Jonas R.,churn_risk,False,14600.0,2026-09-25T08:18:35.924301+00:00,
566a9ce7-af52-4b94-b186-e47aa7946320,Anna K.,churn_risk,False,1300.0,2026-08-26T11:46:57.388104+00:00,
8ac97b01-e3ad-44d4-aab9-eb022f1dc121,Lea M.,customer,False,21900.0,2026-10-06T09:47:41.543346+00:00,
e9aa144b-9dd4-4675-af14-5064aab07015,Jonas R.,opportunity,True,21000.0,2026-09-05T13:15:58.709312+00:00,
f090f5a0-ce61-4199-ae3a-0ba8ac8d6c7d,Anna K.,lead,False,,2026-08-22T07:34:47.501122+00:00,
c8cce2c2-a518-4418-af14-b3f6d867888b,Lea M.,churn_risk,False,21100.0,2026-08-20T06:24:17.775826+00:00,
e63949d4-47c6-4688-acf3-2053af36b8cc,Anna K.,qualified,False,,2026-09-26T03:36:31.555650+00:00,
639fc471-d975-4f00-95ab-a8ae9112fbc0,Jonas R.,lead,False,,2026-09-04T04:22:53.088763+00:00,
44d7df9a-238b-45b7-ab64-777c6177a771,Anna K.,customer,False,20700.0,2026-09-22T01:44:49.443852+00:00,
96add4df-adf7-4924-85b8-386b768b4f7e,Anna K.,opportunity,True,22700.0,2026-08-12T10:03:30.885680+00:00,
79e5c9aa-592a-4549-bba1-09d08567c805,Lea M.,opportunity,True,8400.0,2026-08-14T12:57:52.386165+00:00,
34ae4abd-36fc-40ac-b469-8db30123a348,Lea M.,qualified,False,,2026-08-14T23:48:57.983954+00:00,
f6bd80c7-624a-4a50-90b1-fde031f3f0c0,Anna K.,lead,False,,2026-10-03T07:26:12.454093+00:00,
398f569b-465c-42cb-885e-b4894ac66780,Lea M.,churn_risk,False,3100.0,2026-09-30T21:08:00.575667+00:00,
0f321333-ce31-4937-b4fa-32b6d0437e4c,Anna K.,lead,False,,2026-09-16T20:55:44.697197+00:00,
c9230c64-c006-4b5b-b678-39b222b5f457,Lea M.,churn_risk,False,21700.0,2026-08-27T09:59:34.628555+00:00,
363be5cb-d329-4724-adfd-171af7d7465d,Anna K.,qualified,False,,2026-10-05T20:43:59.948131+00:00,
db8f0e32-edef-4003-9fce-01e3042b03ca,Lea M.,lead,False,,2026-08-31T18:49:10.678513+00:00,
40198303-5c45-4e4d-a793-13b817e52113,Jonas R.,churn_risk,False,24000.0,2026-10-02T12:14:44.522937+00:00,
13f3cade-7a10-413f-b6a2-c52b00473139,Lea M.,qualified,False,,2026-08-19T21:52:19.156136+00:00,
6307d4d1-21c9-415d-9104-5a16ef15ab72,Jonas R.,lead,False,,2026-10-07T12:08:37.167415+00:00,
8044beb2-b66e-4bf4-a0ea-0251495743a2,Jonas R.,qualified,False,,2026-09-08T01:55:52.304684+00:00,
9bdc70d1-9cbf-4b8c-b410-2d5d1db14bfc,Lea M.,lead,False,,2026-09-24T18:37:56.470492+00:00,
bba1aed9-44cd-4fdd-9f9b-141ec7f7bda1,Jonas R.,customer,False,23500.0,2026-08-27T19:40:43.169710+00:00,
b6ca1127-e9f8-4970-8d98-f9e28d888beb,Jonas R.,lead,False,,2026-09-16T03:14:23.633599+00:00,
a2cd1590-58af-493c-8aa2-b4c93ba5bd76,Jonas R.,lead,False,,2026-08-11T07:47:04.486665+00:00,
f8f9a45d-0f55-4896-b610-396b7df59abf,Lea M.,customer,False,4000.0,2026-10-04T02:00:48.586321+00:00,
222df6a4-8163-46ce-9877-bc0694ad6252,Anna K.,churn_risk,False,2600.0,2026-09-26T01:33:52.818758+00:00,
516c3b0a-5385-4918-bc40-15fad4f76322,Lea M.,customer,False,3400.0,2026-10-03T01:19:23.073302+00:00,
c534ca08-f6f2-4d1c-9bb8-b9c8893259f3,Jonas R.,qualified,False,,2026-08-14T07:37:20.727393+00:00,
3f8b4433-b60e-495c-9759-ba9625f88c74,Lea M.,qualified,False,,2026-09-22T16:09:38.363266+00:00,
cdcc2d6a-1a16-498c-b648-776e183fea70,Lea M.,churn_risk,False,5200.0,2026-09-13T08:09:05.510497+00:00,
7fb75c57-4b8c-431f-a5b4-09833eebc04a,Jonas R.,lead,False,,2026-09-01T18:37:27.886031+00:00,
61eb64e6-fd49-4e20-84ff-eab2cb7b0b3a,Anna K.,qualified,False,,2026-09-11T23:16:18.370417+00:00,
bcaff931-ead1-4464-8a8e-858cd0f81063,Anna K.,lead,False,,2026-08-27T12:30:27.577868+00:00,
12916e60-f5e7-4daf-9d69-6bc8dc54d59b,Lea M.,qualified,False,,2026-08-31T05:50:44.684883+00:00,
f7ff88d4-b509-408a-ac98-8bca51397c06,Anna K.,qualified,False,,2026-09-01T16:41:57.056664+00:00,
29a3db6d-39bf-4a38-afe9-be90c21c3fb3,Anna K.,customer,False,9000.0,2026-09-02T12:05:23.172144+00:00,
ceae1325-ea07-4d80-ba23-6c22e92a7b97,Jonas R.,lead,False,,2026-08-25T05:00:32.664823+00:00,
25f06b0a-264e-459d-aa18-e5af1cce08e9,Lea M.,opportunity,True,3700.0,2026-09-04T05:21:08.441662+00:00,
7c4f48e4-a7a0-4a3d-a20f-230b439e754c,Lea M.,opportunity,True,7500.0,2026-09-21T22:16:56.650628+00:00,
44f8b53c-5224-4d05-9369-2867c626e38f,Anna K.,lead,False,,2026-09-01T13:28:58.799607+00:00,
10cc4604-28b2-4b1b-8a9f-1d5983e8b700,Lea M.,lead,False,,2026-09-20T22:01:11.836752+00:00,
29dc073e-5820-43f2-9989-dd6c8d2434f9,Lea M.,opportunity,True,22600.0,2026-08-09T12:49:15.695227+00:00,
83666636-68d5-46b8-a6ce-6d7a44e2a94b,Jonas R.,lead,False,,2026-08-23T08:19:24.991309+00:00,
a48aa108-b599-477f-b78e-e9e8b676291d,Jonas R.,opportunity,True,6600.0,2026-08-24T11:39:13.595954+00:00,
8f1cb2cc-ceef-4fa8-b9a5-d4d0423701f1,Lea M.,qualified,False,,2026-09-05T10:11:16.025442+00:00,
69c165ae-4c61-4ae8-87a3-7f1061b512ed,Jonas R.,opportunity,True,12200.0,2026-09-12T13:21:13.637579+00:00,
7cd2192f-14b0-4f62-8768-b07f2e2bdc6c,Jonas R.,customer,False,21100.0,2026-09-30T11:18:14.439545+00:00,
0261c87a-a15c-459a-af8c-a888b1f81ad9,Lea M.,opportunity,True,11100.0,2026-08-30T18:54:16.600674+00:00,
54a27051-7b0c-4ad9-aee1-3caeb02e21aa,Anna K.,churn_risk,False,4300.0,2026-08-29T19:39:04.425684+00:00,
d9eb404c-1851-41cf-9dab-b10abd10f87c,Jonas R.,opportunity,True,2000.0,2026-09-06T08:07:16.910588+00:00,
d8274fc3-f145-4426-bb48-1ded0f037337,Lea M.,lead,False,,2026-10-04T22:04:02.449384+00:00,
f933a9fa-ba2e-4eb3-96aa-5382e1446b45,Lea M.,opportunity,True,20700.0,2026-09-30T08:42:33.499418+00:00,
da296905-ee22-470b-9ee9-32603002d831,Anna K.,churn_risk,False,23800.0,2026-09-23T10:32:11.555011+00:00,
011c4544-7fb3-4be5-b6bf-2f7222778161,Jonas R.,customer,False,8700.0,2026-10-02T09:42:58.728262+00:00,
e2ed8686-b334-42cb-9a3f-0ad169a9aff9,Jonas R.,churn_risk,False,11200.0,2026-08-14T10:00:42.966135+00:00,
a66c0fa1-b5dc-4a9a-bb38-cd9121f6c63d,Anna K.,lead,False,,2026-09-28T15:11:03.385020+00:00,
b0cad2eb-0fe1-421a-96e1-ba00257c54bc,Lea M.,lead,False,,2026-09-16T21:24:17.057827+00:00,
82cbcdc7-3cd3-4e99-a38e-13888faf6d4a,Anna K.,churn_risk,False,9400.0,2026-08-11T16:51:17.122214+00:00,
9edd2182-33fd-462d-8057-e470be6127a8,Jonas R.,opportunity,True,10500.0,2026-09-22T17:41:53.072455+00:00,
318910ec-f6db-42b6-b993-ff63c6b18d94,Lea M.,lead,False,,2026-09-11T21:01:32.546938+00:00,
61a1a29c-5228-4d8d-a2ba-9fceaebbaf9c,Lea M.,opportunity,True,3300.0,2026-08-19T02:37:48.222433+00:00,
e5f5c891-4be3-48a8-8b39-dccf7c9f3bc3,Anna K.,customer,False,22800.0,2026-09-25T12:49:42.719214+00:00,
d5ee2587-6c98-4d9b-af76-b6c2dd6d6b41,Lea M.,qualified,False,,2026-08-21T10:31:25.074018+00:00,
1f8c56e0-2431-43fd-8e19-0d07dff0b9bf,Jonas R.,lead,False,,2026-08-20T08:41:18.457458+00:00,
9dc89e1a-540e-4d01-b35d-88f37c6166df,Anna K.,opportunity,True,6500.0,2026-08-28T09:34:27.229672+00:00,
e0bd202c-54e1-4f3a-bba4-1ae0adf8f767,Lea M.,lead,False,,2026-10-05T10:28:29.237870+00:00,
e2e6e7a6-bbc9-4473-8363-589c32495cff,Jonas R.,lead,False,,2026-09-18T21:58:14.130572+00:00,
02b622e9-808e-48d2-9d26-4b1b6593b659,Anna K.,churn_risk,False,7600.0,2026-09-20T00:08:22.601679+00:00,
bc653d94-256d-4d11-b7bd-8499df482e7c,Lea M.,lead,False,,2026-09-14T11:53:19.906757+00:00,
7463835e-eafb-4f20-b83c-91eb635a11f2,Anna K.,customer,False,15900.0,2026-09-19T11:06:31.407104+00:00,
5d8416e0-60e6-46ff-a757-43f9606cc2f5,Jonas R.,churn_risk,False,18000.0,2026-08-17T02:47:46.490825+00:00,
acdbd5f2-7b44-4cd0-9d03-c3d5b862acc3,Jonas R.,churn_risk,False,7300.0,2026-09-08T08:31:37.657290+00:00,
38283a05-2baa-43c9-bb4e-9ecdde0787b1,Anna K.,qualified,False,,2026-09-06T13:45:04.326992+00:00,
1bcb404c-21d8-496a-a2ad-a15760d2759a,Lea M.,churn_risk,False,5800.0,2026-08-27T18:46:00.334312+00:00,
17db4c2f-1e15-4e2f-809c-2ebe80da2ed7,Anna K.,lead,False,,2026-09-02T15:24:39.012177+00:00,
c879d932-7254-4ab7-bad2-4ac8bf70c042,Anna K.,customer,False,18200.0,2026-09-07T15:02:37.057980+00:00,
3b4ec9f5-b2cd-4a0a-840c-5cb082b34384,Jonas R.,lead,False,,2026-10-04T12:14:37.745540+00:00,
3e4727fd-c51c-41f4-bbcf-2b31902bd154,Jonas R.,qualified,False,,2026-10-05T07:55:16.599689+00:00,
92ded495-e4f1-48e8-b7f3-f32b5a81762a,Lea M.,qualified,False,,2026-09-07T19:19:08.081529+00:00,
ad0205f5-1417-42f9-ab91-731a1eb05b4a,Jonas R.,customer,False,5400.0,2026-09-01T12:51:48.514059+00:00,
82d9a774-ea7f-4c7d-83a6-b204fc014a22,Jonas R.,churn_risk,False,18300.0,2026-09-18T23:07:38.638473+00:00,
44f7f01a-3cb5-46d7-834a-130e8c6ea6ad,Anna K.,churn_risk,False,14200.0,2026-09-20T06:12:33.555510+00:00,
fedd22d9-226c-4c6a-bfe5-a4b66be8c756,Jonas R.,customer,False,13200.0,2026-08-31T10:24:45.432416+00:00,
3a6c7da6-57f7-471f-a978-cc731440adec,Lea M.,customer,False,6400.0,2026-09-03T08:26:25.247225+00:00,
daada0b1-2f13-4a6d-aad5-5c0b69fb2fe6,Anna K.,qualified,False,,2026-08-29T01:25:05.402120+00:00,
154ff37d-fefa-4198-83d6-cd548623bc74,Jonas R.,churn_risk,False,8300.0,2026-08-24T16:17:13.633083+00:00,
e096521e-a2c7-43d4-bfb8-abb9a18c5492,Anna K.,opportunity,True,22600.0,2026-09-24T15:07:23.095071+00:00,
3b30ee97-98d5-4cf5-8afc-f9e8cc476b72,Anna K.,opportunity,True,12900.0,2026-10-04T06:59:49.842262+00:00,
3799a376-7e5b-4ac9-83c5-01fe269334ef,Lea M.,customer,False,15300.0,2026-08-10T12:05:16.345823+00:00,
a3760c2d-7b31-4cdc-80d9-1a8e1f44aa88,Anna K.,lead,False,,2026-08-09T13:20:45.732290+00:00,
3e3b1a40-ca05-43a2-a553-b15f1ea15b0f,Anna K.,qualified,False,,2026-09-20T02:26:23.247846+00:00,
e44cbd41-ce36-492a-98e9-d0aac1b6edd4,Jonas R.,qualified,False,,2026-09-16T21:26:22.632039+00:00,
77e8b762-bb7e-4979-92dc-bffd59008d65,Anna K.,customer,False,8700.0,2026-09-29T04:54:49.279057+00:00,
8d2cfe83-c407-4654-bf5f-61aaaee7c7a5,Anna K.,churn_risk,False,1600.0,2026-10-01T05:08:25.521428+00:00,
d59ef0fd-1204-44d6-bbfb-1b710a683eb8,Lea M.,qualified,False,,2026-09-12T08:39:08.542092+00:00,
bfcb3388-8ef4-474b-adcc-4095f28f9444,Lea M.,lead,False,,2026-09-27T03:57:25.918444+00:00,
a854027e-5667-4e49-8133-8bdc66cc7376,Jonas R.,customer,False,18500.0,2026-09-18T01:01:04.821052+00:00,
38cd9122-fc01-45e1-8ce2-afa201ae7eb1,Jonas R.,lead,False,,2026-09-02T20:00:27.624831+00:00,
1869c755-e85c-4ec9-91cb-c0929383f86d,Lea M.,customer,False,13900.0,2026-10-05T01:38:48.835494+00:00,
ac735be0-0cee-4dc2-a737-f345388629ff,Jonas R.,opportunity,True,1800.0,2026-09-05T14:19:53.015738+00:00,
0c9fa6e6-becc-4760-9249-ee3a79d19c4e,Jonas R.,qualified,False,,2026-08-10T02:58:28.128083+00:00,
ff408dcc-9db1-47f9-8fa8-ae3432339053,Jonas R.,opportunity,True,19500.0,2026-08-10T04:21:39.863778+00:00,
4e089bb4-c509-4558-8632-6b36a7c8f0c5,Jonas R.,lead,False,,2026-09-10T05:00:18.669418+00:00,
4237692a-c017-466e-85f4-c0a28be27516,Lea M.,customer,False,14500.0,2026-10-02T18:18:35.298368+00:00,
b24f92b9-ca08-41de-b360-d11548b51c88,Jonas R.,lead,False,,2026-08-30T05:20:39.617394+00:00,
0a2d36a6-0580-4493-b664-6199ed25459e,Anna K.,opportunity,True,4400.0,2026-08-25T22:46:12.632626+00:00,
41f74651-a033-4dad-8fdf-de19cfd835fc,Jonas R.,qualified,False,,2026-09-12T16:45:28.219183+00:00,
33ece6b1-fcfd-4547-abdc-e0dabe0bbddd,Jonas R.,qualified,False,,2026-08-14T12:58:40.997968+00:00,
501a0ccf-b85f-464b-a160-3399d3073198,Anna K.,opportunity,True,7700.0,2026-08-23T03:27:46.238206+00:00,
bc341b4f-fbdc-432e-a546-c66d89b1cad1,Lea M.,churn_risk,False,6900.0,2026-08-27T16:00:02.774224+00:00,
2469d0c2-e757-4997-8458-1f73b0a0c1cd,Lea M.,churn_risk,False,16000.0,2026-09-12T02:25:05.853222+00:00,
74246baa-2dca-4c82-8660-a3e9736d417c,Lea M.,qualified,False,,2026-10-06T22:13:20.894726+00:00,
a25291f3-730b-4657-b4cb-46131d39e9c2,Jonas R.,lead,False,,2026-08-17T19:49:39.614671+00:00,
2dca365a-2504-4d28-9e6a-e4592980f6ff,Anna K.,lead,False,,2026-08-14T19:12:51.170029+00:00,
e1d5c0dc-3ea5-45a9-81ae-c50599a04abb,Lea M.,qualified,False,,2026-09-11T20:42:13.452920+00:00,
1be00f8e-0c8d-41d2-9673-aefbeb9e54e0,Jonas R.,customer,False,11300.0,2026-08-27T06:49:38.334102+00:00,
feb9ea24-933c-4d00-8680-0a0b42791490,Lea M.,churn_risk,False,10900.0,2026-08-26T08:00:52.002853+00:00,
7702beba-0623-4fbf-9e42-d2b800679b62,Lea M.,churn_risk,False,22700.0,2026-09-29T12:16:41.744415+00:00,
4818b004-b0a4-4557-b381-001fa3ff8fd2,Anna K.,lead,False,,2026-09-23T04:00:06.386255+00:00,
549c9eb9-31ab-4158-acf6-073bd500c147,Anna K.,opportunity,True,5100.0,2026-08-21T12:36:30.688945+00:00,
69f8d3e4-d06d-4943-88b3-815e76647043,Lea M.,churn_risk,False,13500.0,2026-09-14T13:30:52.946931+00:00,
47cc3a66-2638-48be-b838-93a210f35676,Anna K.,qualified,False,,2026-09-21T16:23:12.835062+00:00,
b5b81351-5083-4841-9b9a-0eb7b48c531b,Lea M.,lead,False,,2026-09-06T13:47:27.130978+00:00,
6338fb29-7599-4b0a-895b-81d6b97d7617,Lea M.,churn_risk,False,22200.0,2026-09-06T13:54:59.098541+00:00,
7192e443-8a63-42ca-96b7-979ee46a0b42,Jonas R.,customer,False,8400.0,2026-08-09T15:28:36.194126+00:00,
77243aa3-c438-4ae0-b5d0-b595a4f89e23,Lea M.,lead,False,,2026-08-20T22:45:26.494658+00:00,
9abc9859-593e-4c83-8497-d0a8484204d5,Lea M.,lead,False,,2026-09-06T06:11:31.268253+00:00,
7b7ce7cc-f950-47fa-a8b5-8db58c466308,Anna K.,lead,False,,2026-08-13T19:44:02.209251+00:00,
ee4d0dec-bd47-4885-93f0-e33fab6b3f08,Lea M.,churn_risk,False,14300.0,2026-10-01T10:31:09.979384+00:00,
98ae0666-d066-4d21-af7d-7f211bd6b03d,Anna K.,lead,False,,2026-09-15T17:52:28.730526+00:00,
9f8d367d-6cfa-42dd-ae28-dccd9abbe46b,Jonas R.,qualified,False,,2026-09-21T12:17:55.944983+00:00,
c02627d1-fbd1-40c0-9bfe-679afbcbd6ec,Anna K.,opportunity,True,2100.0,2026-10-02T22:24:56.800479+00:00,
7807c947-02c2-4367-874d-8df088f7f097,Jonas R.,lead,False,,2026-08-20T01:04:18.235539+00:00,
79210c7c-a119-4eee-8fb9-130742ac66dc,Jonas R.,opportunity,True,21400.0,2026-09-19T20:15:40.115209+00:00,
cca3a4c4-2e49-42cf-bc23-9ebc3c775558,Anna K.,churn_risk,False,17200.0,2026-09-20T10:04:31.306640+00:00,
93e7e893-35fa-4528-aad3-136fa33817fa,Jonas R.,lead,False,,2026-09-29T07:25:23.960523+00:00,
382bab11-59fc-4aeb-b229-44a9af7ce609,Jonas R.,qualified,False,,2026-10-02T23:15:06.746013+00:00,
161d6acf-1eb6-41f0-b532-1352b54468e4,Jonas R.,opportunity,True,9600.0,2026-09-06T09:55:29.098931+00:00,
a925de85-6258-4ce9-b7ae-ede80a119bac,Anna K.,customer,False,17100.0,2026-09-03T11:05:05.819807+00:00,
3d0d5c8f-97cb-4585-bf12-fe28b840d136,Lea M.,customer,False,4900.0,2026-08-27T07:12:04.526972+00:00,
67cf5ce0-0af5-44a9-b894-3df8c9abda91,Jonas R.,qualified,False,,2026-09-02T10:31:38.046977+00:00,
eb034c4e-e83c-4ff9-b8a1-d98804e1502a,Anna K.,churn_risk,False,3300.0,2026-08-20T23:34:45.365474+00:00,
1b388581-d145-4d7f-915b-5a37105f86aa,Anna K.,lead,False,,2026-08-11T12:20:12.746414+00:00,
d62015f0-5253-46f7-a328-051e8bbf1b30,Jonas R.,qualified,False,,2026-08-29T18:09:11.959763+00:00,
94fd0594-ecf9-4245-be5f-7e23704c19e2,Lea M.,lead,False,,2026-08-09T15:10:42.038568+00:00,
48f9fd0d-5d3b-41d3-a515-99820dd4c0e6,Jonas R.,opportunity,True,8900.0,2026-09-21T09:22:00.921088+00:00,
6b47ed61-5372-4bed-946b-448297bb9fbf,Lea M.,customer,False,18900.0,2026-10-05T20:52:25.101486+00:00,
0de92f1b-7c02-44e5-95c8-9b2d7892d145,Anna K.,lead,False,,2026-08-13T04:34:45.191097+00:00,
91941591-b134-458f-8837-59f82090f35e,Jonas R.,lead,False,,2026-10-03T19:12:58.146211+00:00,
9457f388-6f2a-4c8a-93c9-aacb3f71e1ae,Anna K.,lead,False,,2026-08-27T06:41:35.462087+00:00,
7ab16533-64f2-4a7c-87f7-97fa6cfa855f,Lea M.,churn_risk,False,7800.0,2026-09-21T15:15:35.588509+00:00,
ffbb4bcc-a5cb-4f6f-bd33-31644bb8ebe2,Anna K.,qualified,False,,2026-08-28T04:29:50.664872+00:00,
a226a75b-b432-4ce9-b6dc-16b5a076aed6,Lea M.,customer,False,18000.0,2026-08-29T13:23:28.375659+00:00,
9ed62705-14b9-4b4d-af46-37b3c9a62c37,Jonas R.,lead,False,,2026-10-05T03:49:32.191996+00:00,
fb334e61-236e-4007-b468-0b6ec6090b78,Lea M.,customer,False,7500.0,2026-09-21T15:58:03.366392+00:00,
b273f93c-1cad-448a-86a4-2ee12a2e1e6a,Jonas R.,customer,False,19300.0,2026-09-14T12:47:20.614791+00:00,
e5f5cdc8-21c7-40f6-9137-67ab4dd85715,Anna K.,lead,False,,2026-09-17T14:54:41.321186+00:00,
f92408c3-2ea9-4f6c-8905-eb93890a83b4,Anna K.,qualified,False,,2026-08-21T17:53:39.229047+00:00,
c4605896-ef87-4f0d-8802-2f8e38de6b6e,Lea M.,churn_risk,False,8700.0,2026-09-11T11:27:11.533629+00:00,
e3472e25-ba54-48fd-b737-cc38166cdd33,Lea M.,churn_risk,False,16000.0,2026-08-09T06:15:48.342641+00:00,
eee31d47-10ec-46ae-95dd-df38fc9454ae,Lea M.,lead,False,,2026-09-27T19:25:53.357839+00:00,
4a1a4219-61bb-45fb-9510-8bc02f9e1ddb,Anna K.,churn_risk,False,16300.0,2026-08-09T21:52:00.949489+00:00,
e8239943-7dec-4605-adeb-57f96acac954,Lea M.,churn_risk,False,14300.0,2026-08-29T15:50:42.695255+00:00,
c19d5186-b3c7-41a8-8d15-baefb6697d0a,Lea M.,customer,False,11500.0,2026-09-30T03:57:47.968150+00:00,
57904515-f859-496d-837a-9ab085eb43c8,Jonas R.,lead,False,,2026-09-21T09:14:50.287759+00:00,
c8b62c18-c355-453e-b0d9-751c6cc0067f,Anna K.,customer,False,9000.0,2026-10-04T07:07:32.243092+00:00,
ca1c3218-c19d-41c5-85e1-8b7797f971d5,Lea M.,lead,False,,2026-09-30T02:33:01.625220+00:00,
079bf5e6-2275-41e2-b141-52c7a0dcec7d,Anna K.,qualified,False,,2026-08-24T22:38:40.301837+00:00,
c0697f1d-a93c-4413-9396-a289c29a988f,Lea M.,opportunity,True,13600.0,2026-10-06T10:04:24.472945+00:00,
9fe3f824-39d3-49cf-8dfa-76af66eb43b0,Lea M.,churn_risk,False,13400.0,2026-09-20T19:57:17.998773+00:00,
2fc10403-dcda-4cc1-8427-4378b40d8aef,Jonas R.,opportunity,True,22900.0,2026-08-27T16:51:16.603676+00:00,
5d411ac5-335d-4b46-85b3-75aa0f546781,Jonas R.,churn_risk,False,8000.0,2026-09-12T13:06:31.700060+00:00,
a5630d3a-497b-413b-92de-b47d4455d60e,Anna K.,churn_risk,False,4600.0,2026-08-15T17:37:42.920798+00:00,
097913a0-e7d9-4c1b-a59c-aeed6c097204,Anna K.,lead,False,,2026-09-10T20:28:38.130332+00:00,
ddfef849-4c48-4cfc-9a02-70da505c1021,Lea M.,churn_risk,False,20100.0,2026-08-27T20:56:39.635211+00:00,
be741860-bf95-4403-8e4b-a2bb63d3ce8e,Lea M.,qualified,False,,2026-08-29T01:46:50.665385+00:00,
1f3eea66-af6c-4f61-8fef-a2a2e7354db2,Anna K.,qualified,False,,2026-08-11T11:54:03.444293+00:00,
e3e735ab-dc02-4c29-b5db-e3964c23e844,Lea M.,lead,False,,2026-08-13T21:18:48.611839+00:00,
d7567d35-ed2e-4bea-a9b7-d533bca83a82,Jonas R.,churn_risk,False,13100.0,2026-09-02T21:23:55.655500+00:00,
3a8c8ed5-a06a-468a-9cac-3d21a5a8c8af,Jonas R.,churn_risk,False,11300.0,2026-08-18T04:07:00.112613+00:00,
d5b5b7b0-f92e-4fa1-9f26-64247fcc4456,Jonas R.,churn_risk,False,6400.0,2026-08-29T20:01:17.046218+00:00,
fd2336f4-5b44-46ed-b107-6f2e0a715350,Lea M.,qualified,False,,2026-09-27T19:05:22.131373+00:00,
9030fb0c-45d5-4acb-9294-100f823ca34a,Jonas R.,churn_risk,False,23300.0,2026-08-30T23:16:12.599324+00:00,
577c9717-836a-4887-8a5a-269817cb67b8,Lea M.,opportunity,True,2800.0,2026-09-21T06:44:51.394294+00:00,
4ce6929f-7a44-4d05-8d32-0878e83ec3a0,Lea M.,qualified,False,,2026-09-28T02:08:36.923035+00:00,
18302082-69bb-43c4-acc7-21f082ba0fed,Jonas R.,lead,False,,2026-08-17T07:46:34.472076+00:00,
df22367d-4262-448c-9aa3-3580fb708dd7,Jonas R.,churn_risk,False,1800.0,2026-09-28T20:59:07.451383+00:00,
9e55f98d-4d84-4cb6-bc99-d86eb9d5546c,Anna K.,qualified,False,,2026-09-22T17:54:14.872504+00:00,
d93eea4d-6a6a-442b-babf-a7ef6e89a7a8,Lea M.,customer,False,2100.0,2026-08-13T17:24:18.373725+00:00,
50db8e34-938f-4b90-ac08-7d6c04de78f8,Anna K.,churn_risk,False,1800.0,2026-08-08T17:23:02.829188+00:00,
a1230193-5c53-4042-aa3e-0103c13d8929,Lea M.,qualified,False,,2026-09-11T11:12:37.365937+00:00,
f198f62e-5c9d-4ead-aea4-91fccb6b6306,Anna K.,qualified,False,,2026-08-25T21:38:29.551426+00:00,
26a4cbef-a437-499c-ac2a-322ba9014e33,Lea M.,customer,False,5600.0,2026-08-23T17:10:41.175170+00:00,
be216c79-b8b7-41b0-8de8-1d1edfa0bc17,Jonas R.,customer,False,11600.0,2026-09-04T15:01:57.749428+00:00,
cfd42949-e33e-4976-9862-5813b28d7506,Lea M.,lead,False,,2026-09-29T07:53:37.706841+00:00,
5f7b8b00-d772-4330-8f58-9a93bb63721d,Jonas R.,customer,False,3100.0,2026-10-06T22:18:56.732320+00:00,
b6f31d02-90ca-4ac3-94e3-552bfd2f1be9,Lea M.,customer,False,2500.0,2026-08-22T10:55:21.872966+00:00,
1af026df-3f64-45ee-bccd-9b8c8508df91,Lea M.,qualified,False,,2026-08-29T18:52:44.969409+00:00,
5e8c8bbf-8f1c-4f8c-b1ae-8af92826a561,Lea M.,churn_risk,False,8700.0,2026-10-04T23:29:32.961123+00:00,
9ff0f466-ccc0-4446-96dd-58af53415fe2,Anna K.,lead,False,,2026-09-30T03:58:55.385440+00:00,
4f10aae3-b518-474f-8587-4243cbd10fdc,Anna K.,opportunity,True,12500.0,2026-09-05T19:46:08.196795+00:00,
91788bdd-4dfb-4b6e-a025-7194c903cc1d,Lea M.,churn_risk,False,23600.0,2026-09-08T19:13:36.103947+00:00,
88ba135e-bd3b-47eb-a952-94200ba4e32b,Anna K.,churn_risk,False,21500.0,2026-09-08T21:10:09.980255+00:00,
07ec2d32-89e4-4c28-93d8-8e04a6b96653,Lea M.,lead,False,,2026-08-20T23:11:25.125923+00:00,
389d2267-b7c2-4d94-8ef4-40984d9d1bb1,Anna K.,qualified,False,,2026-09-02T13:07:29.108656+00:00,
db00ab4c-91e5-4e86-aefe-02c34276bfe1,Jonas R.,lead,False,,2026-09-05T05:19:33.855392+00:00,
a6685e80-f16d-4fe8-ac50-4475a4165dd1,Lea M.,lead,False,,2026-09-13T19:45:44.656363+00:00,
a041301d-1016-4d65-8f90-f91a544810de,Lea M.,lead,False,,2026-08-10T07:20:16.897558+00:00,
f18c5581-3c9b-4b84-8b4a-ddc685096c78,Anna K.,churn_risk,False,4400.0,2026-08-27T02:54:17.416687+00:00,
0fdf60d5-20a6-4f9b-885b-811b10a5b073,Anna K.,opportunity,True,18900.0,2026-08-18T17:59:16.400862+00:00,
f863af2d-5e6b-4460-8a83-2ab557c850b0,Anna K.,churn_risk,False,3100.0,2026-09-07T10:09:41.348412+00:00,
1182e8e7-c907-4c97-b385-db3be893786d,Lea M.,qualified,False,,2026-09-02T12:50:48.279223+00:00,
00f24a96-eb82-4435-b82a-fbde7ef55011,Lea M.,lead,False,,2026-09-06T13:54:43.051773+00:00,
8df4097b-d8f8-4018-96fe-47692c9de90a,Jonas R.,customer,False,21200.0,2026-09-24T04:20:22.283439+00:00,
9db402f1-c359-4dc2-8bd3-72a9ebc78c06,Anna K.,opportunity,True,22700.0,2026-08-22T05:30:51.926087+00:00,
b1cb62d0-8685-42d2-9fb6-8406b6658a34,Anna K.,qualified,False,,2026-08-26T03:35:53.133988+00:00,
c4bb4ace-d0c8-4a67-bec6-2bbe4d7ec4b1,Anna K.,churn_risk,False,11900.0,2026-08-29T00:21:35.968141+00:00,
78d540ef-030b-4532-a7c2-4c68c1ff9427,Jonas R.,opportunity,True,6100.0,2026-08-09T18:53:59.738422+00:00,
5025ac18-15fb-45dc-8aba-ef3c5735773c,Anna K.,customer,False,3200.0,2026-10-06T09:12:00.213474+00:00,
5acb287d-d594-4c84-a8aa-454ecf76770a,Anna K.,qualified,False,,2026-10-07T14:10:46.880370+00:00,
e50dede5-a395-4867-b397-d1a1f6419405,Jonas R.,customer,False,23200.0,2026-09-07T14:17:58.589940+00:00,
a8d99292-4a85-4443-bba8-78d934b55b86,Anna K.,churn_risk,False,14800.0,2026-08-30T05:49:32.419569+00:00,
3d5cab0e-0b2d-483a-b218-9128b2da61f7,Jonas R.,opportunity,True,20600.0,2026-09-25T20:29:05.033482+00:00,
1397b542-5e65-4990-becd-0ded1f08f855,Anna K.,lead,False,,2026-09-03T03:30:37.203181+00:00,
57f9f3a7-6193-4947-b63f-56acbfeeb533,Lea M.,opportunity,True,12900.0,2026-10-04T04:06:55.769178+00:00,
d770a46e-4775-47ab-9207-7bc478858b6d,Anna K.,opportunity,True,4100.0,2026-09-14T20:24:23.243402+00:00,
b6e3b91b-3777-4823-ad8d-7db85bab96cc,Anna K.,qualified,False,,2026-10-07T09:18:55.574821+00:00,
0c754a17-0131-4601-9923-fc7a0d6b160f,Lea M.,churn_risk,False,14500.0,2026-09-10T06:05:58.343219+00:00,
f5705436-3877-4265-902c-01a3ab404598,Jonas R.,lead,False,,2026-09-06T02:52:27.505485+00:00,
8aad0665-ef30-441d-b505-c5639fea97cc,Anna K.,churn_risk,False,16800.0,2026-09-11T18:17:23.059145+00:00,
9bc8d6f6-0484-41b3-95c9-74a411489054,Lea M.,opportunity,True,22100.0,2026-09-10T00:32:17.572986+00:00,
47334b73-225f-42ab-9425-04b8e098d2e3,Lea M.,qualified,False,,2026-10-03T00:43:13.843726+00:00,
8fe88b77-6009-405a-8881-7b98741f5545,Jonas R.,lead,False,,2026-08-11T22:50:29.427994+00:00,
625046c0-5f86-4c8e-be00-6ccbf8723487,Jonas R.,churn_risk,False,3600.0,2026-08-30T03:53:00.806452+00:00,
25dbbe8d-a534-4425-aa69-b7f7b28d7cb8,Lea M.,customer,False,15200.0,2026-10-05T02:15:00.386479+00:00,
e041f0a3-3056-487f-a8f2-6d6384bed7ed,Anna K.,qualified,False,,2026-08-25T18:57:05.625471+00:00,
628616f4-bbf9-404b-99b7-775fe7bb5e42,Jonas R.,qualified,False,,2026-08-16T02:08:06.983360+00:00,
8c7aa939-ff0d-43c2-ac4d-cd33d51528af,Anna K.,opportunity,True,20300.0,2026-09-17T21:10:57.522805+00:00,
d8dcc3a5-309a-4327-891d-47fe970e287a,Jonas R.,lead,False,,2026-09-12T06:18:57.929417+00:00,
50e08a81-75ea-4023-9a34-65d989cd90e7,Lea M.,churn_risk,False,22400.0,2026-09-11T17:00:02.169226+00:00,
cf7798cc-ef36-4eb1-bb8f-7b2bd91b1cb6,Anna K.,lead,False,,2026-10-05T06:25:54.928469+00:00,
dda8b391-9494-465d-8a91-28fbc0948932,Anna K.,lead,False,,2026-08-28T07:50:22.008914+00:00,
9248c8c8-4c61-4a43-af04-1c76b3e6922d,Jonas R.,customer,False,21300.0,2026-08-30T09:10:50.135676+00:00,
a8be8d1f-4b1c-4df3-8865-b35ce79524eb,Anna K.,customer,False,15500.0,2026-08-29T06:50:55.959614+00:00,
9adda7c8-82ec-48aa-920c-d375a5d453c4,Jonas R.,churn_risk,False,2300.0,2026-09-27T17:40:11.639268+00:00,
55616496-e8c4-4e4c-9ce1-bcc216c702a1,Jonas R.,lead,False,,2026-08-14T10:05:19.295385+00:00,
4251d2f0-20a8-4260-97a1-a2f67a139e90,Lea M.,opportunity,True,14500.0,2026-10-03T17:28:46.873221+00:00,
1458771d-a27a-4bda-9713-742bd862042e,Jonas R.,opportunity,True,4600.0,2026-09-19T15:24:27.526695+00:00,
a942b4d7-bd2d-4fff-be85-544c3e859c67,Anna K.,customer,False,5200.0,2026-09-21T16:30:53.983894+00:00,
8380d397-2221-4e52-96e3-81035df70cc1,Jonas R.,churn_risk,False,6800.0,2026-09-27T13:29:16.198368+00:00,
cfc15689-8953-4e15-aea3-7b78e466c937,Jonas R.,opportunity,True,23600.0,2026-09-11T19:07:31.452870+00:00,
54ca6897-be71-4d60-abca-4f866500f793,Anna K.,qualified,False,,2026-08-21T20:06:14.905485+00:00,
c3af3d93-c047-4d80-932b-d70a209f839f,Anna K.,opportunity,True,23400.0,2026-08-11T21:58:37.023605+00:00,
3c8b966c-af37-4e8c-8473-5700037e7f60,Jonas R.,qualified,False,,2026-09-11T11:21:12.934298+00:00,
ab402561-18cd-49c9-9c8d-23b44dea5200,Lea M.,customer,False,23200.0,2026-09-26T02:07:37.695359+00:00,
33b636dc-c2d0-4c42-bd59-5978796512e3,Jonas R.,opportunity,True,2100.0,2026-09-12T22:28:26.685792+00:00,
1e0fd29b-b7a2-4b33-a13e-cf1572cfbb0e,Jonas R.,opportunity,True,11100.0,2026-09-11T16:12:26.399276+00:00,
a60da1aa-005b-4f73-9dbe-4a3c88db3692,Jonas R.,lead,False,,2026-08-10T00:07:19.815533+00:00,
d0e04655-a03e-4b5d-8ea8-d0eefc3a156a,Jonas R.,opportunity,True,22400.0,2026-09-12T09:44:41.099148+00:00,
41e15f65-a761-4e80-b216-880d61c9815e,Anna K.,customer,False,14000.0,2026-10-03T11:57:44.106415+00:00,
037825da-d399-456c-9c2b-498f054da360,Lea M.,churn_risk,False,2100.0,2026-08-24T23:11:04.537858+00:00,
8b2a3730-a0a2-49bd-8478-09c0b1299cb7,Lea M.,qualified,False,,2026-08-25T23:42:38.806423+00:00,
a7698b2d-f1ab-47a0-8d59-1b8c23627835,Jonas R.,customer,False,13200.0,2026-08-20T07:31:20.692168+00:00,
b1fbb587-a514-43fc-8809-a0b471a84189,Lea M.,customer,False,3700.0,2026-09-25T03:24:19.405095+00:00,
5cda0385-13eb-4358-9ab9-f6621bc02912,Lea M.,qualified,False,,2026-08-23T11:09:54.435972+00:00,
212804c5-f94e-485d-9b18-2716b9c6b26b,Jonas R.,customer,False,5400.0,2026-09-06T17:52:25.915947+00:00,
17e1e8f6-a03e-4003-a29c-b897142925a0,Lea M.,qualified,False,,2026-10-06T18:18:47.048432+00:00,
295642c6-4bac-4a4a-af1e-4acf2b729d66,Lea M.,customer,False,19800.0,2026-09-30T04:05:06.528181+00:00,
1fbc4004-f098-4a1f-a3f4-59beec95ccf1,Anna K.,customer,False,16300.0,2026-09-14T18:52:23.745936+00:00,
155fa2f4-5fa9-421a-904b-10c8f3b937f2,Anna K.,lead,False,,2026-08-26T11:09:48.778779+00:00,
745f4433-4743-468f-9d44-7f4179e984e1,Jonas R.,churn_risk,False,4200.0,2026-08-22T14:44:21.425842+00:00,
6b4a3541-f123-467e-996a-2b3632d7cc22,Anna K.,lead,False,,2026-09-27T02:39:13.772615+00:00,
a8dbe9a1-d857-4c60-88f7-972661ae2255,Lea M.,lead,False,,2026-09-22T21:24:57.347975+00:00,
8e44f2f8-3de8-44cd-ae15-c527fe2a0cbc,Anna K.,lead,False,,2026-08-10T18:10:23.888080+00:00,
288fc36a-846c-454c-9170-a2efe777c664,Anna K.,customer,False,22100.0,2026-09-09T16:22:58.009926+00:00,
89344b06-0790-4eb4-9b2a-1376315e4e80,Anna K.,churn_risk,False,6100.0,2026-08-29T01:05:23.573324+00:00,
1a58fa44-37ab-4ed7-86fa-aa8336511c93,Anna K.,qualified,False,,2026-09-25T10:31:03.741222+00:00,
7e7279ce-cd7f-45f6-8cb6-80293276ab75,Anna K.,qualified,False,,2026-09-04T13:43:44.584949+00:00,
fcea9a96-9364-4cb5-9b29-920ac886b7c6,Jonas R.,customer,False,23700.0,2026-08-19T02:06:31.966983+00:00,
9e33bdbc-f00d-4a65-9fb8-4f18d7d3ce21,Anna K.,qualified,False,,2026-08-29T09:21:34.149124+00:00,
c425d020-4389-4f66-9780-29e939d00762,Anna K.,churn_risk,False,1200.0,2026-08-25T12:11:51.417561+00:00,
3754a771-aba5-41c9-835c-5d033664cafa,Jonas R.,customer,False,22800.0,2026-08-19T19:10:19.084112+00:00,
2bc8906f-34a9-4b86-bec3-91ef44ad2484,Jonas R.,customer,False,2400.0,2026-08-19T00:57:46.745081+00:00,
ae7303c0-50ab-4660-ab94-5cbb3d162ab9,Anna K.,qualified,False,,2026-10-06T20:30:58.898002+00:00,
84909370-e430-4b91-956f-e90eb5ccdbe6,Jonas R.,customer,False,3000.0,2026-09-23T05:27:58.750491+00:00,
5b7117bd-2442-4191-be7c-7d6ea8cc4515,Anna K.,qualified,False,,2026-09-01T23:04:15.150566+00:00,
cfcc2abd-3fac-4bcc-9ac9-2db2eed4d005,Anna K.,customer,False,7600.0,2026-08-11T18:38:42.548418+00:00,
22bca104-4001-470a-b312-de73c48563a3,Lea M.,churn_risk,False,1300.0,2026-08-08T21:16:46.492363+00:00,
ef544897-80fa-47e3-9031-d661b1b2b9c6,Anna K.,churn_risk,False,17600.0,2026-10-03T01:51:40.633657+00:00,
e8273dee-9d7e-4eb7-a3fd-6adec17fcf19,Anna K.,customer,False,17000.0,2026-08-09T01:47:15.491047+00:00,
dffa28ae-c353-4c87-8eb7-138a767a92b7,Lea M.,churn_risk,False,16900.0,2026-09-28T21:38:06.552426+00:00,
1f89cec2-9dfe-49d2-a87d-2106dbfbfea4,Lea M.,qualified,False,,2026-10-06T05:07:17.630053+00:00,
f58703c5-199a-43da-aae3-9bc04a1954ec,Anna K.,opportunity,True,21100.0,2026-10-02T09:52:32.267203+00:00,
949e24ad-02d2-4ee7-a3b1-a52e907001b6,Anna K.,opportunity,True,16100.000000000002,2026-10-01T04:04:56.445791+00:00,
a88fc85a-c33a-402e-88f3-332a47414ca4,Anna K.,opportunity,True,9100.0,2026-09-06T08:51:07.572004+00:00,
493d269e-adc9-4caa-b000-f93b7db8ed71,Lea M.,qualified,False,,2026-08-14T01:17:24.067678+00:00,
234bae09-da79-4686-8f06-c963e65664ac,Anna K.,lead,False,,2026-08-12T04:17:26.581058+00:00,
4a36a7c0-f0cc-4f56-9242-89ea39597465,Jonas R.,lead,False,,2026-09-27T01:43:49.527160+00:00,
e44d8dc2-b290-4892-8bc2-d46d0e807f03,Lea M.,churn_risk,False,5500.0,2026-09-07T21:50:09.047463+00:00,
a9d06567-c1e1-48aa-ac96-af2754614433,Jonas R.,customer,False,17900.0,2026-09-19T17:24:35.575802+00:00,
edeac5b8-9cc8-42cd-bd42-11d1992033eb,Anna K.,lead,False,,2026-08-29T01:19:39.544780+00:00,
06bf1fb7-0e2b-48c9-ae66-2c46057d4e28,Jonas R.,opportunity,True,5100.0,2026-09-16T02:37:03.082108+00:00,
9b2aeea6-2135-4574-8adb-8f79ff82bf84,Anna K.,churn_risk,False,2800.0,2026-09-23T09:17:32.732904+00:00,
61f14c98-dcde-4dc8-84d3-40e87ecfbfc6,Lea M.,customer,False,5000.0,2026-10-01T03:33:18.344100+00:00,
e4a6bf51-c125-498e-9bd6-5690e8f94c88,Lea M.,lead,False,,2026-09-18T07:32:46.332173+00:00,
fdf1d205-b6ec-484e-b3a2-dc1d0f916e97,Jonas R.,qualified,False,,2026-09-20T04:43:58.802738+00:00,
89f9c43e-6b07-4c79-bbe4-3aa78c58fff0,Jonas R.,qualified,False,,2026-09-15T13:07:21.554425+00:00,
49714ec3-cbbd-4732-82a1-a4299b050a6c,Jonas R.,customer,False,11400.0,2026-10-05T16:59:35.577626+00:00,
473bccd4-84e6-478f-ae37-b72135ef2b60,Lea M.,lead,False,,2026-08-10T11:09:39.411085+00:00,
7e45fee4-6ea8-4b32-a38d-9fb071c487bc,Anna K.,qualified,False,,2026-09-29T13:56:11.937345+00:00,
b9291d34-db6e-40ba-842c-a512f369c683,Lea M.,opportunity,True,19400.0,2026-09-21T12:50:20.952349+00:00,
7bf6b2ad-5944-469c-a341-441c3c165571,Lea M.,opportunity,True,9500.0,2026-08-23T21:38:30.167513+00:00,
8938279c-2aa2-4c1e-a028-c315928fbbae,Anna K.,lead,False,,2026-09-16T09:46:06.747969+00:00,
8d8e352b-3732-4d15-a9d4-45f354dd528c,Anna K.,churn_risk,False,12200.0,2026-09-16T04:54:46.303556+00:00,
0528d309-6a56-487d-bb8e-37e2c32bba73,Jonas R.,qualified,False,,2026-10-04T05:08:35.806686+00:00,
33e1f6f7-757a-4703-8628-1fb84d59f68e,Lea M.,churn_risk,False,15800.0,2026-10-05T18:05:50.542034+00:00,
61e5835e-3e9f-469a-81b0-1ca488800d17,Jonas R.,lead,False,,2026-08-10T21:57:49.735634+00:00,
1be40ba9-902a-4019-ba0f-fa865eaca15d,Anna K.,opportunity,True,16600.0,2026-09-16T01:27:29.093068+00:00,
dfcc8eb4-bfbe-4892-a3ce-37db7cb8b49d,Lea M.,churn_risk,False,6300.0,2026-08-15T10:56:13.542669+00:00,
59b7463f-1117-4840-a80d-4e22982e2afd,Anna K.,qualified,False,,2026-08-11T21:42:33.682249+00:00,
edf6cca4-1761-41ce-b768-d6aafd34d21e,Anna K.,lead,False,,2026-09-01T08:09:12.434485+00:00,
62b215ad-c61f-48b1-a097-5bc064abd035,Anna K.,opportunity,True,15600.0,2026-08-24T20:58:33.662330+00:00,
9b8826ed-ff4a-4185-b886-f504ed758b74,Lea M.,customer,False,22100.0,2026-08-09T12:43:03.303683+00:00,
e5d20eae-5104-4a0c-a650-8af4d9259a4b,Jonas R.,lead,False,,2026-09-19T22:10:32.657788+00:00,
1691c83a-7687-453e-ae26-5c9590f1c7ee,Jonas R.,opportunity,True,4000.0,2026-09-27T11:42:39.234845+00:00,
a18af249-d45a-4de3-b31d-c76f85e620fe,Anna K.,qualified,False,,2026-09-26T15:14:01.745114+00:00,
