id,gc_user_id,title,trade,region,value_eur,posted_at,deadline,status
60beb85d-9053-417b-9f4d-ec1d52af891a,212804c5-f94e-485d-9b18-2716b9c6b26b,"Plumbing works, Frankfurt site 774",Plumbing,Frankfurt,114000.0,2026-08-28T19:33:08.300222+00:00,2026-09-14T02:27:33.074905+00:00,awarded
19a7361b-e729-406f-a5db-8ca356302021,17e1e8f6-a03e-4003-a29c-b897142925a0,"Flooring works, Leipzig site 291",Flooring,Leipzig,248000.0,2026-09-07T20:33:51.879494+00:00,2026-09-20T00:55:27.385365+00:00,awarded
bb1fdb98-6f5a-481a-b1ca-a64c93727484,17e1e8f6-a03e-4003-a29c-b897142925a0,"Scaffolding works, Leipzig site 508",Scaffolding,Leipzig,94000.0,2026-09-25T16:08:49.507806+00:00,2026-10-08T04:09:11.046436+00:00,open
3bfb48d5-e09f-4e24-add2-4200f884195d,c4c557d8-ee23-4eb0-85f6-2467a6c1d136,"Flooring works, Munich site 881",Flooring,Munich,34000.0,2026-09-01T04:49:00.889093+00:00,2026-09-24T07:11:19.336673+00:00,closed
98cb3cb4-e2f7-47ea-8cf2-fdf8ec1f5d97,c4c557d8-ee23-4eb0-85f6-2467a6c1d136,"Plumbing works, Munich site 814",Plumbing,Munich,42000.0,2026-09-02T14:01:39.632780+00:00,2026-09-28T05:24:20.360322+00:00,awarded
003742ae-75e9-43d8-aa53-dbd6655fdaa5,c4c557d8-ee23-4eb0-85f6-2467a6c1d136,"Plumbing works, Leipzig site 774",Plumbing,Leipzig,71000.0,2026-08-24T16:03:12.663718+00:00,2026-09-12T18:46:21.041274+00:00,closed
583f097d-28c9-468c-ba33-38e001440fa3,91206a37-2703-475d-b540-838e13331679,"Facade works, Stuttgart site 202",Facade,Stuttgart,85000.0,2026-10-01T08:04:27.665614+00:00,2026-10-18T23:10:00.134570+00:00,open
c356dee2-517f-4316-a0e5-886663380b42,295642c6-4bac-4a4a-af1e-4acf2b729d66,"Concrete works, Hamburg site 236",Concrete,Hamburg,78000.0,2026-08-23T00:27:13.242679+00:00,2026-09-19T09:25:50.951855+00:00,closed
ab7d09b2-7d01-4706-98cc-49bb12581998,295642c6-4bac-4a4a-af1e-4acf2b729d66,"Scaffolding works, Berlin site 858",Scaffolding,Berlin,204000.0,2026-08-27T20:18:18.811140+00:00,2026-09-28T22:01:36.051485+00:00,closed
7ffcb3fe-2359-4443-bae6-1863a5448d55,1fbc4004-f098-4a1f-a3f4-59beec95ccf1,"Scaffolding works, Hamburg site 292",Scaffolding,Hamburg,36000.0,2026-09-07T01:41:20.670540+00:00,2026-09-19T02:34:03.374797+00:00,closed
42d22c74-08ea-4671-bb0c-036bd23f144f,155fa2f4-5fa9-421a-904b-10c8f3b937f2,"Roofing works, Frankfurt site 531",Roofing,Frankfurt,43000.0,2026-09-26T01:02:48.338011+00:00,2026-10-11T12:15:33.908198+00:00,open
cdb5782a-678b-441f-9cca-9a71a7e70139,4a68bbad-1af4-4f72-9a62-2059279163f4,"Painting works, Hamburg site 926",Painting,Hamburg,33000.0,2026-09-30T09:02:42.023031+00:00,2026-10-30T22:05:00.165314+00:00,open
66d6089e-ab91-4501-b5bd-62cda76090e7,4a68bbad-1af4-4f72-9a62-2059279163f4,"Concrete works, Munich site 532",Concrete,Munich,180000.0,2026-09-02T18:00:02.395022+00:00,2026-09-23T13:57:47.890255+00:00,closed
55c6b8d6-b647-4ba8-b93a-650cc7efd8e2,bb55cfa3-2e26-4519-95f8-77681bef39f1,"Concrete works, Berlin site 964",Concrete,Berlin,107000.0,2026-09-01T01:00:07.312449+00:00,2026-10-01T11:56:13.147377+00:00,awarded
f2bd509b-564d-46b6-81c7-ea8b267fc6ec,bb55cfa3-2e26-4519-95f8-77681bef39f1,"Flooring works, Hamburg site 824",Flooring,Hamburg,117000.0,2026-08-18T00:10:58.111805+00:00,2026-09-11T05:41:15.460422+00:00,awarded
5dfa8933-75d2-4da9-bd57-d424de2e7abc,745f4433-4743-468f-9d44-7f4179e984e1,"Roofing works, Berlin site 151",Roofing,Berlin,671000.0,2026-09-09T19:29:08.655303+00:00,2026-09-22T22:16:54.493726+00:00,closed
6ac475a5-5b5c-46c5-8b11-c1812dc12143,745f4433-4743-468f-9d44-7f4179e984e1,"Electrical works, Berlin site 117",Electrical,Berlin,88000.0,2026-09-16T17:54:17.436820+00:00,2026-10-05T13:22:35.695678+00:00,closed
1835e89b-88f4-4a54-9584-184b2cdc1cc0,745f4433-4743-468f-9d44-7f4179e984e1,"Facade works, Cologne site 229",Facade,Cologne,256000.0,2026-09-30T01:36:25.729146+00:00,2026-10-28T21:37:05.980419+00:00,open
eea90156-d5bd-4de2-a751-0ccfd358a5d7,79315fc6-fa82-465d-ae1b-abe2ca208c07,"Scaffolding works, Hamburg site 850",Scaffolding,Hamburg,311000.0,2026-09-30T00:25:43.398360+00:00,2026-11-03T08:53:29.233536+00:00,open
56784633-1429-4f31-b9b3-c0eefaf2be80,6b4a3541-f123-467e-996a-2b3632d7cc22,"HVAC works, Munich site 752",HVAC,Munich,192000.0,2026-10-04T09:32:08.679164+00:00,2026-10-30T09:53:55.934495+00:00,open
310f8eb5-cb2c-4e21-9dce-0e8cf714bab7,d51f6de1-f17d-4a26-b357-d500fcfd348c,"HVAC works, Düsseldorf site 684",HVAC,Düsseldorf,58000.0,2026-09-21T12:02:23.065729+00:00,2026-10-18T12:26:16.871724+00:00,open
3717f44b-7911-4e22-92c6-26305fcdf4b8,d51f6de1-f17d-4a26-b357-d500fcfd348c,"Drywall works, Berlin site 878",Drywall,Berlin,249000.0,2026-09-06T07:52:14.301763+00:00,2026-10-07T23:24:47.282041+00:00,open
48f006a3-ad9f-4e53-ae67-1517e8e52412,d51f6de1-f17d-4a26-b357-d500fcfd348c,"Facade works, Düsseldorf site 379",Facade,Düsseldorf,352000.0,2026-08-27T00:19:12.954537+00:00,2026-09-12T06:50:02.766185+00:00,closed
53199080-b581-44e0-84a0-6d55398e1dc0,d51f6de1-f17d-4a26-b357-d500fcfd348c,"Painting works, Düsseldorf site 326",Painting,Düsseldorf,38000.0,2026-09-09T08:56:02.036842+00:00,2026-10-09T13:09:23.173909+00:00,open
8ec29e07-ee0c-4303-b9c1-1c4a639817e5,f3cef8b7-35b3-4874-991c-228f3754c5ec,"Scaffolding works, Berlin site 112",Scaffolding,Berlin,69000.0,2026-08-18T20:45:14.786870+00:00,2026-09-13T09:16:57.814602+00:00,awarded
63db0dea-ac48-4eaf-ab85-ffb7b29e2126,f3cef8b7-35b3-4874-991c-228f3754c5ec,"Concrete works, Berlin site 361",Concrete,Berlin,63000.0,2026-09-27T16:49:55.698648+00:00,2026-10-29T08:26:11.919927+00:00,open
bf7da45e-3522-4344-9545-847858658721,f3cef8b7-35b3-4874-991c-228f3754c5ec,"Concrete works, Berlin site 642",Concrete,Berlin,74000.0,2026-09-02T22:46:15.792158+00:00,2026-09-16T18:09:46.638298+00:00,closed
05fe16de-c3d3-4e5c-beee-71386a5731f7,5a2a83bd-5a0a-4917-a90f-1c3c69ff6cc0,"Plumbing works, Düsseldorf site 869",Plumbing,Düsseldorf,97000.0,2026-10-04T21:53:14.084948+00:00,2026-10-31T06:48:41.237635+00:00,open
3618187c-37e2-4c86-a54f-da3118d3ab67,5a2a83bd-5a0a-4917-a90f-1c3c69ff6cc0,"Scaffolding works, Hamburg site 213",Scaffolding,Hamburg,113000.0,2026-08-13T07:21:54.216583+00:00,2026-08-28T08:03:43.268645+00:00,closed
99685a3c-e684-4984-ab0d-d81d37bea260,a8dbe9a1-d857-4c60-88f7-972661ae2255,"Flooring works, Frankfurt site 385",Flooring,Frankfurt,64000.0,2026-08-31T01:59:06.695306+00:00,2026-09-21T07:24:05.422713+00:00,closed
dbeb21e2-39a0-4a0b-a465-79458852787c,a8dbe9a1-d857-4c60-88f7-972661ae2255,"Painting works, Frankfurt site 513",Painting,Frankfurt,97000.0,2026-08-31T01:59:06.695306+00:00,2026-10-04T04:02:14.431416+00:00,awarded
55849e58-d472-4e33-885c-c79300dab7f8,a8dbe9a1-d857-4c60-88f7-972661ae2255,"Plumbing works, Frankfurt site 881",Plumbing,Frankfurt,92000.0,2026-09-10T03:19:15.901314+00:00,2026-10-13T09:19:10.960741+00:00,open
3964afe6-9e6e-47d7-876f-3b07a2ec377a,7f1464b3-1a8a-46f3-a949-9fceeeb81b7d,"Flooring works, Stuttgart site 241",Flooring,Stuttgart,139000.0,2026-09-14T00:55:20.013354+00:00,2026-10-11T01:26:08.761719+00:00,open
91be0c2a-2a9d-4c6a-bffc-1e139c1cac23,7f1464b3-1a8a-46f3-a949-9fceeeb81b7d,"Flooring works, Stuttgart site 740",Flooring,Stuttgart,94000.0,2026-10-01T21:45:15.983867+00:00,2026-10-27T00:43:01.909576+00:00,open
e9c7eb29-d9ad-49e0-b16a-8466dd0a4a6e,7f1464b3-1a8a-46f3-a949-9fceeeb81b7d,"Flooring works, Stuttgart site 265",Flooring,Stuttgart,78000.0,2026-09-14T19:24:41.985137+00:00,2026-10-13T21:31:42.778132+00:00,open
07e86429-e4fa-4417-9097-92a44b00dcfc,7f1464b3-1a8a-46f3-a949-9fceeeb81b7d,"Drywall works, Stuttgart site 311",Drywall,Stuttgart,123000.0,2026-09-22T12:52:48.627262+00:00,2026-10-15T09:31:02.649750+00:00,open
54cd67b4-d67f-417d-9aa0-3078cdbe6de6,32103c49-1d4f-41c8-a18e-72a78d34dd83,"Plumbing works, Hamburg site 993",Plumbing,Hamburg,21000.0,2026-09-10T11:32:15.895121+00:00,2026-09-28T01:03:27.082231+00:00,closed
f5239f95-6ac6-4272-8875-7d0612037b06,32103c49-1d4f-41c8-a18e-72a78d34dd83,"Facade works, Düsseldorf site 366",Facade,Düsseldorf,355000.0,2026-10-04T17:58:54.902921+00:00,2026-11-01T07:36:55.687822+00:00,open
4affa0a0-0f4e-4726-b9dd-378ed3e7acd9,43b63613-a89f-4f9d-a12d-ef5844820852,"Electrical works, Hamburg site 931",Electrical,Hamburg,41000.0,2026-08-31T20:16:16.898891+00:00,2026-10-05T14:18:52.654094+00:00,awarded
1a8709bd-1fc2-4099-8994-96ab6db7fa7e,43b63613-a89f-4f9d-a12d-ef5844820852,"Facade works, Leipzig site 249",Facade,Leipzig,178000.0,2026-09-15T05:12:50.857997+00:00,2026-10-13T16:47:27.311776+00:00,open
35c82133-7b8b-4581-8ba9-5e233e39bf9b,43b63613-a89f-4f9d-a12d-ef5844820852,"Painting works, Hamburg site 370",Painting,Hamburg,17000.0,2026-08-25T01:24:24.716672+00:00,2026-09-14T11:41:42.983364+00:00,closed
c99156cc-54a6-468b-b1d6-0744b06f0681,8e44f2f8-3de8-44cd-ae15-c527fe2a0cbc,"Roofing works, Leipzig site 561",Roofing,Leipzig,202000.0,2026-09-07T15:40:39.866098+00:00,2026-09-25T06:46:04.230405+00:00,awarded
5cdb7eda-9044-4ec6-9ef0-195ee152dc3a,8e44f2f8-3de8-44cd-ae15-c527fe2a0cbc,"Roofing works, Leipzig site 830",Roofing,Leipzig,23000.0,2026-08-22T17:43:03.639027+00:00,2026-09-07T03:25:36.880781+00:00,awarded
41deca4c-625c-4de5-9bf1-19414ad653d0,8e44f2f8-3de8-44cd-ae15-c527fe2a0cbc,"Plumbing works, Leipzig site 752",Plumbing,Leipzig,115000.0,2026-09-10T16:54:20.095705+00:00,2026-09-29T11:40:44.869529+00:00,closed
f8ef6c71-2b9f-4f6a-a666-a9b49e5364dc,288fc36a-846c-454c-9170-a2efe777c664,"Facade works, Munich site 452",Facade,Munich,169000.0,2026-09-06T15:35:06.087770+00:00,2026-10-08T15:57:12.230429+00:00,open
613f50db-e5aa-4c5a-bbe7-52062ce62f9f,06905ba5-17e0-4df5-97df-85b33429c8cf,"Concrete works, Leipzig site 114",Concrete,Leipzig,130000.0,2026-09-05T18:42:17.599343+00:00,2026-09-26T11:20:56.953696+00:00,closed
7fb0b7b6-5b43-4e1a-b26a-cdeaa6662e73,06905ba5-17e0-4df5-97df-85b33429c8cf,"Scaffolding works, Hamburg site 570",Scaffolding,Hamburg,133000.0,2026-09-24T11:26:48.633107+00:00,2026-10-09T22:17:44.541902+00:00,open
a05be230-6603-454f-8868-3cbfaa0be687,05ec8e9f-a09f-4700-a4ce-1460ef5a9491,"Drywall works, Stuttgart site 201",Drywall,Stuttgart,407000.0,2026-09-20T18:18:48.955737+00:00,2026-10-20T21:06:57.408636+00:00,open
3f7b16ec-85df-48e2-9113-6499725687c2,05ec8e9f-a09f-4700-a4ce-1460ef5a9491,"Facade works, Berlin site 350",Facade,Berlin,23000.0,2026-09-20T18:18:48.955737+00:00,2026-10-24T21:08:52.115715+00:00,open
0a4cb231-2d6c-48d0-b4c0-bea3b7a63ca5,05ec8e9f-a09f-4700-a4ce-1460ef5a9491,"Drywall works, Frankfurt site 723",Drywall,Frankfurt,60000.0,2026-09-20T18:18:48.955737+00:00,2026-10-17T17:33:33.054780+00:00,open
3e72e402-3a43-47a1-b52d-ed780f94db38,640b7b85-353d-4edc-969b-deb1e9a7f5e0,"Plumbing works, Berlin site 699",Plumbing,Berlin,214000.0,2026-08-24T09:20:42.450995+00:00,2026-09-26T11:47:12.544835+00:00,closed
79dd7b95-1558-4c6d-b120-3b7a1dcccf24,640b7b85-353d-4edc-969b-deb1e9a7f5e0,"HVAC works, Berlin site 302",HVAC,Berlin,22000.0,2026-08-16T01:48:50.833689+00:00,2026-08-29T06:00:42.573301+00:00,awarded
c7036a4c-7150-494f-a2f2-cf57b850b440,640b7b85-353d-4edc-969b-deb1e9a7f5e0,"Flooring works, Hamburg site 758",Flooring,Hamburg,137000.0,2026-09-18T23:00:21.436337+00:00,2026-10-01T04:18:23.477678+00:00,closed
f3914a36-48a4-46ae-83a2-a06f7bb8373c,e754d4c3-0298-4dd2-8c7b-34e22e07cb63,"Plumbing works, Berlin site 760",Plumbing,Berlin,10000.0,2026-09-01T04:13:59.529796+00:00,2026-09-24T12:09:04.463104+00:00,closed
2ea35df6-f219-4325-81b1-56bdfa2badf7,e754d4c3-0298-4dd2-8c7b-34e22e07cb63,"Roofing works, Hamburg site 599",Roofing,Hamburg,102000.0,2026-09-20T09:56:32.541940+00:00,2026-10-15T07:45:36.993687+00:00,open
a34c4c78-57a9-4ae7-b175-7228dcadfda8,e754d4c3-0298-4dd2-8c7b-34e22e07cb63,"Roofing works, Berlin site 803",Roofing,Berlin,106000.0,2026-09-26T02:34:36.184861+00:00,2026-10-25T14:20:18.205165+00:00,open
1a58c6ae-78cc-4788-87c8-4346c4342281,89344b06-0790-4eb4-9b2a-1376315e4e80,"Facade works, Berlin site 801",Facade,Berlin,45000.0,2026-09-15T03:16:32.406332+00:00,2026-10-02T00:58:16.133047+00:00,awarded
535fd8d2-2839-4888-a99f-8c039c310930,89344b06-0790-4eb4-9b2a-1376315e4e80,"Flooring works, Munich site 628",Flooring,Munich,747000.0,2026-09-27T12:50:25.447019+00:00,2026-10-13T03:09:59.134958+00:00,open
556ed0d1-4e65-4eee-a51d-d64e5eec2af4,89344b06-0790-4eb4-9b2a-1376315e4e80,"Concrete works, Frankfurt site 844",Concrete,Frankfurt,41000.0,2026-09-20T18:18:14.696587+00:00,2026-10-24T05:14:01.390299+00:00,open
f7fb68d5-0e28-4088-a771-dc17f0a30219,b544f70c-593a-4b51-978b-55e7f406d6e0,"Flooring works, Cologne site 518",Flooring,Cologne,31000.0,2026-09-11T13:31:43.787465+00:00,2026-10-02T14:45:50.859247+00:00,awarded
060fd3b6-5f9c-41f0-9522-1c404b77cf1c,1a574cee-6490-4d65-b63d-329547f50a35,"Drywall works, Frankfurt site 429",Drywall,Frankfurt,82000.0,2026-10-05T12:10:03.098015+00:00,2026-11-02T16:57:45.379375+00:00,open
130da476-1b59-42d2-8622-70cbdb3d419b,1a574cee-6490-4d65-b63d-329547f50a35,"Drywall works, Leipzig site 348",Drywall,Leipzig,15000.0,2026-09-03T17:31:34.134642+00:00,2026-10-02T17:27:48.635700+00:00,awarded
b4dc70c6-e8ac-4757-b5b0-fa1cb013b951,1a574cee-6490-4d65-b63d-329547f50a35,"Electrical works, Düsseldorf site 598",Electrical,Düsseldorf,114000.0,2026-09-01T16:08:50.122342+00:00,2026-10-05T13:40:34.673564+00:00,closed
12f0ed7d-bff4-4c48-a17f-5e5322607be8,620f4af4-9b77-4a46-9b88-fe699f7717ca,"Roofing works, Munich site 432",Roofing,Munich,137000.0,2026-09-04T22:05:25.245513+00:00,2026-09-26T23:56:05.999511+00:00,awarded
05981489-b087-4b0e-8a9a-75f0d13b3a4d,a52523e3-e093-47d5-93a1-b88a9a980457,"Roofing works, Leipzig site 243",Roofing,Leipzig,155000.0,2026-09-17T07:31:34.471043+00:00,2026-10-11T21:14:28.477736+00:00,open
2f23cd0c-36fd-4910-a274-2d5cbf4d4bd8,507ffc32-c78e-4415-a521-51f95f390d2b,"Painting works, Leipzig site 428",Painting,Leipzig,90000.0,2026-10-01T09:39:49.849530+00:00,2026-10-20T14:58:13.620392+00:00,open
23e8bb05-05ec-447e-aec4-32d0bf660225,507ffc32-c78e-4415-a521-51f95f390d2b,"Roofing works, Berlin site 222",Roofing,Berlin,145000.0,2026-10-01T09:39:49.849530+00:00,2026-10-28T23:44:13.293316+00:00,open
0425c430-5f9c-441d-8323-94b5fd593fa4,507ffc32-c78e-4415-a521-51f95f390d2b,"Facade works, Berlin site 679",Facade,Berlin,89000.0,2026-10-01T09:39:49.849530+00:00,2026-10-31T18:12:48.207699+00:00,open
bc03daa7-112e-4621-a266-530e5570cefc,1a58fa44-37ab-4ed7-86fa-aa8336511c93,"Concrete works, Cologne site 177",Concrete,Cologne,249000.0,2026-08-20T13:23:19.246527+00:00,2026-09-19T17:32:40.493652+00:00,awarded
af178dbb-c461-4ac1-92b5-9aa4c07d0001,1a58fa44-37ab-4ed7-86fa-aa8336511c93,"Concrete works, Cologne site 541",Concrete,Cologne,247000.0,2026-08-17T17:23:26.902878+00:00,2026-08-31T17:49:04.466665+00:00,awarded
b14d53b0-c7f7-440b-8718-4322743c6de6,7e7279ce-cd7f-45f6-8cb6-80293276ab75,"Plumbing works, Stuttgart site 857",Plumbing,Stuttgart,236000.0,2026-09-27T16:13:40.610307+00:00,2026-10-17T06:37:29.998981+00:00,open
5287c72e-39a8-4b5e-822f-8a4704d4c5db,7e7279ce-cd7f-45f6-8cb6-80293276ab75,"Electrical works, Düsseldorf site 537",Electrical,Düsseldorf,173000.0,2026-10-05T09:19:47.991632+00:00,2026-10-30T14:35:07.030439+00:00,open
de03a536-b703-4a9f-a15c-1c37e4ab9bae,7e7279ce-cd7f-45f6-8cb6-80293276ab75,"Drywall works, Stuttgart site 690",Drywall,Stuttgart,57000.0,2026-09-05T05:55:22.298953+00:00,2026-10-02T06:43:01.457569+00:00,closed
dedcc2ff-53d4-4caf-91bb-797af464a31f,7e7279ce-cd7f-45f6-8cb6-80293276ab75,"Plumbing works, Munich site 422",Plumbing,Munich,57000.0,2026-09-01T03:25:47.549022+00:00,2026-10-02T13:42:12.045842+00:00,awarded
1f8424bd-708c-4f1a-b1c3-5294e61cf9a3,fcea9a96-9364-4cb5-9b29-920ac886b7c6,"Electrical works, Berlin site 954",Electrical,Berlin,88000.0,2026-09-17T14:01:49.632392+00:00,2026-10-17T08:21:54.285957+00:00,open
1f27fa2c-8439-4819-b97a-08ba940bb34d,5133577b-4651-4173-8d0e-391db9272714,"Plumbing works, Stuttgart site 266",Plumbing,Stuttgart,155000.0,2026-09-01T20:00:11.258664+00:00,2026-09-16T16:48:34.380938+00:00,awarded
ccbf1dfe-173e-43d9-bc32-edb435d80531,5133577b-4651-4173-8d0e-391db9272714,"Painting works, Stuttgart site 619",Painting,Stuttgart,74000.0,2026-08-31T23:17:07.172951+00:00,2026-09-30T05:06:36.416456+00:00,closed
5c42adcf-5acc-416d-999d-ed5edb84aa96,5133577b-4651-4173-8d0e-391db9272714,"Flooring works, Stuttgart site 417",Flooring,Stuttgart,247000.0,2026-09-09T16:42:14.995326+00:00,2026-09-21T20:42:33.312286+00:00,awarded
bac8f92f-4653-4bd3-b6d8-11eff388fef7,9e33bdbc-f00d-4a65-9fb8-4f18d7d3ce21,"Flooring works, Berlin site 762",Flooring,Berlin,189000.0,2026-08-08T16:09:58.245956+00:00,2026-08-22T14:47:00.210409+00:00,closed
bd66c203-ddc8-4a37-b5b7-215ecd68cb39,d0ef0cd4-5e6e-4398-8ff1-b675e6fb976b,"Electrical works, Düsseldorf site 776",Electrical,Düsseldorf,43000.0,2026-09-28T09:11:55.098878+00:00,2026-10-21T04:32:06.904946+00:00,open
ab2dd056-cf71-4c2c-8f35-fdb9bdf18708,d0ef0cd4-5e6e-4398-8ff1-b675e6fb976b,"Plumbing works, Munich site 285",Plumbing,Munich,6000.0,2026-08-19T02:01:39.634939+00:00,2026-09-09T17:26:51.673386+00:00,awarded
074b927e-54e2-4fa6-869c-cc0ac8844f88,c425d020-4389-4f66-9780-29e939d00762,"Roofing works, Berlin site 581",Roofing,Berlin,62000.0,2026-09-12T20:10:34.283351+00:00,2026-10-03T10:10:25.769530+00:00,awarded
79c6c757-f7fe-4735-9cc6-f0a010fab909,3754a771-aba5-41c9-835c-5d033664cafa,"HVAC works, Munich site 575",HVAC,Munich,105000.0,2026-10-05T18:35:52.126328+00:00,2026-11-07T09:50:45.500921+00:00,open
8a3c8743-a808-44f2-92a8-080920d19fc0,d909e0c9-276c-4935-a7c1-0adb743ac892,"Concrete works, Frankfurt site 474",Concrete,Frankfurt,29000.0,2026-09-07T11:54:16.347889+00:00,2026-09-26T15:48:51.797564+00:00,awarded
a8c1fb64-39bd-43ed-a481-2414f139dc4b,d909e0c9-276c-4935-a7c1-0adb743ac892,"Facade works, Cologne site 184",Facade,Cologne,373000.0,2026-09-07T11:54:16.347889+00:00,2026-09-22T09:21:51.638879+00:00,closed
973da9cb-ab19-4705-b64f-6842f9553aad,f3952657-4ea1-4bd9-afaf-20ec2a08c526,"Roofing works, Düsseldorf site 632",Roofing,Düsseldorf,816000.0,2026-09-21T22:03:50.047124+00:00,2026-10-09T16:26:02.867412+00:00,open
bc85630c-9451-4f78-a52d-3404a94485e0,f3952657-4ea1-4bd9-afaf-20ec2a08c526,"Painting works, Düsseldorf site 971",Painting,Düsseldorf,82000.0,2026-09-20T22:04:00.613641+00:00,2026-10-23T14:36:30.868005+00:00,open
02ff9754-5291-4b6d-a592-4c9f29714f1f,43fcf7b7-5a19-47ab-b3e0-467e87e81b25,"Electrical works, Cologne site 685",Electrical,Cologne,80000.0,2026-09-25T21:47:40.044581+00:00,2026-10-11T04:42:19.159426+00:00,open
43472a28-9f0e-470b-b404-7ec736ff812d,ed92b753-bb64-4511-a1ec-ff07a60c1329,"Flooring works, Munich site 658",Flooring,Munich,69000.0,2026-08-17T08:19:13.689637+00:00,2026-09-20T16:11:27.255383+00:00,awarded
c5a24d77-7cc3-4e98-9f39-7fa5ce96cc5e,0922d88d-e522-4d31-8d9a-6fce1d7cf46d,"Plumbing works, Cologne site 662",Plumbing,Cologne,92000.0,2026-09-16T18:03:45.327798+00:00,2026-10-21T16:13:59.161327+00:00,open
068187e9-a46d-4b51-ad30-0e335d8c4fea,0922d88d-e522-4d31-8d9a-6fce1d7cf46d,"Roofing works, Cologne site 656",Roofing,Cologne,47000.0,2026-08-17T03:21:03.981716+00:00,2026-09-15T16:40:32.782364+00:00,awarded
f086424a-fbfb-49f9-8da4-f9166fa87369,2bc8906f-34a9-4b86-bec3-91ef44ad2484,"Painting works, Stuttgart site 184",Painting,Stuttgart,333000.0,2026-09-04T04:17:33.217906+00:00,2026-09-22T23:31:34.952111+00:00,closed
dc241f84-9019-49b7-a6da-7a1cc7a9ff30,ae7303c0-50ab-4660-ab94-5cbb3d162ab9,"Painting works, Berlin site 643",Painting,Berlin,120000.0,2026-08-21T21:03:36.672789+00:00,2026-09-07T10:43:47.846859+00:00,closed
2a6716d4-ae2e-4dd2-99a2-a60228a3d3a3,ae7303c0-50ab-4660-ab94-5cbb3d162ab9,"Facade works, Berlin site 750",Facade,Berlin,170000.0,2026-09-23T01:28:15.363928+00:00,2026-10-26T20:18:18.670871+00:00,open
f584be73-0c85-4238-8746-9fb733c32015,794ceef2-f833-4fa7-9a26-15f89810b8c1,"Scaffolding works, Cologne site 510",Scaffolding,Cologne,93000.0,2026-09-04T04:37:18.801951+00:00,2026-09-19T16:33:14.708768+00:00,awarded
980f6560-9cf5-40d9-bbc4-1107ec4d2550,794ceef2-f833-4fa7-9a26-15f89810b8c1,"Facade works, Cologne site 168",Facade,Cologne,31000.0,2026-10-06T15:14:59.851747+00:00,2026-10-24T09:59:01.319482+00:00,open
64188dde-6b44-412a-a565-cd4128d141db,794ceef2-f833-4fa7-9a26-15f89810b8c1,"Drywall works, Cologne site 705",Drywall,Cologne,76000.0,2026-09-28T04:08:30.533213+00:00,2026-10-29T02:07:45.787756+00:00,open
789a9f00-9933-4a27-a0e8-5f89c58b6161,4dfa6a17-1999-4b39-980a-7e01c67736bc,"Roofing works, Stuttgart site 337",Roofing,Stuttgart,141000.0,2026-10-06T00:30:06.185740+00:00,2026-10-20T17:14:48.874317+00:00,open
e916ee82-c116-4b7e-ba9f-4841e1568c60,4dfa6a17-1999-4b39-980a-7e01c67736bc,"Concrete works, Stuttgart site 837",Concrete,Stuttgart,71000.0,2026-09-29T06:56:33.188283+00:00,2026-10-28T09:01:47.379692+00:00,open
2b1feecd-95c1-47e6-ad08-79b4776e3a29,4dfa6a17-1999-4b39-980a-7e01c67736bc,"Roofing works, Stuttgart site 997",Roofing,Stuttgart,1097000.0,2026-08-09T08:48:00.551096+00:00,2026-08-30T03:23:20.750595+00:00,awarded
aa3794fb-d997-4545-9e8e-76023dc559fc,84909370-e430-4b91-956f-e90eb5ccdbe6,"Scaffolding works, Stuttgart site 606",Scaffolding,Stuttgart,71000.0,2026-09-05T19:24:36.767872+00:00,2026-09-19T20:18:08.947235+00:00,awarded
4051dbda-d617-42cb-aabf-1a086b6de0da,5b7117bd-2442-4191-be7c-7d6ea8cc4515,"Roofing works, Stuttgart site 465",Roofing,Stuttgart,184000.0,2026-08-24T22:29:33.078068+00:00,2026-09-12T06:46:13.270039+00:00,awarded
9b4bf636-6035-448d-90cc-7a42d660a275,add74b0f-e90b-4651-83eb-4ff02cc9abb6,"Concrete works, Munich site 631",Concrete,Munich,551000.0,2026-08-28T09:13:14.649976+00:00,2026-09-11T18:36:34.799734+00:00,closed
3d15d3ee-c397-43ae-b77b-97421e12bbed,add74b0f-e90b-4651-83eb-4ff02cc9abb6,"HVAC works, Munich site 469",HVAC,Munich,151000.0,2026-09-30T07:06:32.977492+00:00,2026-10-31T13:47:55.243008+00:00,open
75f3405d-da2b-41b7-b0b3-e6dfc9c34dd8,58d4d949-cad6-43ef-8ae2-f489f7d8e086,"Electrical works, Hamburg site 687",Electrical,Hamburg,44000.0,2026-08-19T13:18:33.054439+00:00,2026-09-17T01:48:16.956970+00:00,awarded
5436deb3-f229-437b-a169-d799062e5424,58d4d949-cad6-43ef-8ae2-f489f7d8e086,"Drywall works, Hamburg site 201",Drywall,Hamburg,57000.0,2026-09-11T04:19:32.240764+00:00,2026-10-14T01:35:11.416416+00:00,open
722d8397-46d1-42d6-bfaa-dfd6f730d07e,aa52cdf3-8082-40ee-9be8-1d7ac90703e8,"Painting works, Leipzig site 902",Painting,Leipzig,27000.0,2026-08-15T02:10:22.996145+00:00,2026-09-04T08:06:50.922991+00:00,awarded
5266cd86-a5f6-4181-8c1a-6477dd0d3739,aa52cdf3-8082-40ee-9be8-1d7ac90703e8,"Drywall works, Leipzig site 858",Drywall,Leipzig,78000.0,2026-09-21T03:05:48.185985+00:00,2026-10-21T09:11:11.629940+00:00,open
d6138a1e-ce1e-4eb5-bd67-6ba089c9c0f3,cfcc2abd-3fac-4bcc-9ac9-2db2eed4d005,"Painting works, Frankfurt site 333",Painting,Frankfurt,66000.0,2026-08-17T19:37:38.541199+00:00,2026-09-18T12:29:46.187054+00:00,awarded
33c00b7d-61f8-43f4-81ae-35bb2faa49dd,cfcc2abd-3fac-4bcc-9ac9-2db2eed4d005,"Scaffolding works, Frankfurt site 371",Scaffolding,Frankfurt,287000.0,2026-10-01T07:41:53.792931+00:00,2026-10-22T15:50:46.687908+00:00,open
30960fbb-1c89-4e3c-8413-d04952a0628b,cfcc2abd-3fac-4bcc-9ac9-2db2eed4d005,"Painting works, Munich site 695",Painting,Munich,55000.0,2026-09-16T18:33:24.866631+00:00,2026-10-08T20:12:19.620747+00:00,open
17e6ae99-32d8-4c29-9370-7fcbb21534f7,22bca104-4001-470a-b312-de73c48563a3,"Plumbing works, Munich site 192",Plumbing,Munich,543000.0,2026-09-19T04:19:34.479545+00:00,2026-10-14T01:24:10.009818+00:00,open
d8528abb-1a87-4c25-a29f-1962ebd795f5,22bca104-4001-470a-b312-de73c48563a3,"Painting works, Munich site 853",Painting,Munich,47000.0,2026-09-28T01:20:48.499767+00:00,2026-10-17T21:07:02.301449+00:00,open
7e9716ad-06bf-49cf-8616-fd6efe20193b,e8273dee-9d7e-4eb7-a3fd-6adec17fcf19,"Facade works, Hamburg site 329",Facade,Hamburg,59000.0,2026-09-10T13:07:10.634476+00:00,2026-09-23T11:37:34.426521+00:00,awarded
8e6b2439-6a1e-4d9a-b05f-052bd682a0b4,e8273dee-9d7e-4eb7-a3fd-6adec17fcf19,"Drywall works, Leipzig site 664",Drywall,Leipzig,36000.0,2026-09-23T21:56:23.461750+00:00,2026-10-06T04:47:41.215373+00:00,closed
6e6aa3ec-4378-4e6b-8d3d-dee3cdad54f4,e8273dee-9d7e-4eb7-a3fd-6adec17fcf19,"Flooring works, Stuttgart site 479",Flooring,Stuttgart,6000.0,2026-09-02T16:54:13.515686+00:00,2026-10-05T10:59:48.912954+00:00,closed
3f3488a3-b3d2-44a9-bc7b-427fd3d39ff9,e8273dee-9d7e-4eb7-a3fd-6adec17fcf19,"Plumbing works, Hamburg site 914",Plumbing,Hamburg,106000.0,2026-09-04T18:35:16.847021+00:00,2026-09-18T13:06:51.626226+00:00,awarded
b858e203-3a52-4383-9aa5-bf18d387fcd8,dffa28ae-c353-4c87-8eb7-138a767a92b7,"Painting works, Cologne site 456",Painting,Cologne,254000.0,2026-09-22T22:05:29.683716+00:00,2026-10-15T20:41:55.660661+00:00,open
9e6a10fa-75d2-46e3-8d9e-9c48d62c4be4,dffa28ae-c353-4c87-8eb7-138a767a92b7,"Concrete works, Cologne site 548",Concrete,Cologne,98000.0,2026-09-22T22:05:29.683716+00:00,2026-10-27T13:51:14.866590+00:00,open
58fc8448-e555-4087-8ebb-51aea6789753,dffa28ae-c353-4c87-8eb7-138a767a92b7,"Facade works, Cologne site 588",Facade,Cologne,192000.0,2026-09-22T22:05:29.683716+00:00,2026-10-08T20:40:18.878532+00:00,open
b6af49df-070f-48c2-ba4e-832fe582eba2,bd8fa26f-1f16-4e17-8f94-d562dd43b0cf,"Scaffolding works, Cologne site 712",Scaffolding,Cologne,94000.0,2026-10-02T19:07:34.344611+00:00,2026-10-31T07:56:30.412274+00:00,open
4dfe448c-acb7-4476-b27c-172189d44ce2,bd8fa26f-1f16-4e17-8f94-d562dd43b0cf,"Drywall works, Frankfurt site 438",Drywall,Frankfurt,13000.0,2026-08-12T00:49:09.443880+00:00,2026-09-15T17:12:19.187639+00:00,awarded
0d8f808d-9c0e-4192-b88c-266401bc075c,a0d44d24-4d07-4581-a79f-5df0da2d6df9,"Scaffolding works, Hamburg site 829",Scaffolding,Hamburg,256000.0,2026-10-01T21:56:47.271997+00:00,2026-11-05T11:00:18.096417+00:00,open
c61371c1-99fd-42a4-bad2-fd693fb15376,719deadd-817c-4779-952d-8f91064fe164,"Flooring works, Cologne site 877",Flooring,Cologne,167000.0,2026-10-02T11:11:44.541784+00:00,2026-10-15T22:19:07.568159+00:00,open
d8e66501-2375-4bc8-b972-c629b24841dd,719deadd-817c-4779-952d-8f91064fe164,"Flooring works, Düsseldorf site 451",Flooring,Düsseldorf,49000.0,2026-10-01T02:25:05.131218+00:00,2026-10-22T09:10:50.195034+00:00,open
335affe5-66c3-4832-82b0-7e312f3fbe11,719deadd-817c-4779-952d-8f91064fe164,"Roofing works, Munich site 332",Roofing,Munich,51000.0,2026-09-26T04:32:12.365547+00:00,2026-10-18T02:05:45.526202+00:00,open
5f868f8b-aec6-4694-8f24-34918e9ff74a,f58703c5-199a-43da-aae3-9bc04a1954ec,"Scaffolding works, Cologne site 197",Scaffolding,Cologne,103000.0,2026-10-01T02:36:25.864224+00:00,2026-10-19T00:53:42.088987+00:00,open
2c21f1ed-f4a9-45b0-91c3-7e19dbfeed4a,f58703c5-199a-43da-aae3-9bc04a1954ec,"Scaffolding works, Cologne site 293",Scaffolding,Cologne,150000.0,2026-09-13T22:56:22.883149+00:00,2026-09-26T14:12:16.034705+00:00,awarded
70d18e9e-e435-4335-ad4b-2c1392f0ae83,949e24ad-02d2-4ee7-a3b1-a52e907001b6,"Plumbing works, Hamburg site 823",Plumbing,Hamburg,105000.0,2026-09-30T22:26:49.659930+00:00,2026-10-28T15:33:47.110137+00:00,open
ef5e4a66-4fc9-4cd0-af2a-dff8cea4f9c4,949e24ad-02d2-4ee7-a3b1-a52e907001b6,"Facade works, Hamburg site 398",Facade,Hamburg,15000.0,2026-09-10T09:28:47.803081+00:00,2026-10-06T16:52:10.373021+00:00,awarded
a892ab6f-edb9-4750-b465-0ff9f014db87,949e24ad-02d2-4ee7-a3b1-a52e907001b6,"Drywall works, Stuttgart site 661",Drywall,Stuttgart,41000.0,2026-09-26T18:43:59.075018+00:00,2026-10-11T01:46:45.778029+00:00,open
0f01fe85-5bba-43ac-8aa5-aaf2677f33b8,949e24ad-02d2-4ee7-a3b1-a52e907001b6,"Concrete works, Hamburg site 591",Concrete,Hamburg,724000.0,2026-09-28T07:33:16.718351+00:00,2026-11-01T09:41:17.893219+00:00,open
64e94d6a-858c-4992-882c-4812b3c3c428,a88fc85a-c33a-402e-88f3-332a47414ca4,"Facade works, Hamburg site 875",Facade,Hamburg,108000.0,2026-08-28T12:13:00.598020+00:00,2026-09-16T21:09:43.646184+00:00,closed
0619feb0-7d8f-4305-9517-703e608775a5,a88fc85a-c33a-402e-88f3-332a47414ca4,"Flooring works, Hamburg site 603",Flooring,Hamburg,25000.0,2026-09-10T05:31:04.090462+00:00,2026-09-26T18:50:12.190550+00:00,awarded
16d4fdff-f260-4a26-b025-f0410aa86e33,b2a0f851-2121-4c4f-825c-a2e38682d62f,"Electrical works, Hamburg site 414",Electrical,Hamburg,113000.0,2026-08-23T15:00:28.319126+00:00,2026-09-22T08:27:24.381132+00:00,closed
6f0dc87b-dfab-44e2-af25-762cd34d09ae,493d269e-adc9-4caa-b000-f93b7db8ed71,"Facade works, Hamburg site 856",Facade,Hamburg,108000.0,2026-09-13T22:43:49.096990+00:00,2026-10-04T00:54:17.717204+00:00,awarded
38b89fc4-e471-42b1-af8a-637df330dc59,493d269e-adc9-4caa-b000-f93b7db8ed71,"Drywall works, Hamburg site 829",Drywall,Hamburg,37000.0,2026-08-27T11:15:56.872399+00:00,2026-09-09T11:57:05.864645+00:00,awarded
ec9fba0a-1dc7-4eab-b07b-d4ede67b6ad3,493d269e-adc9-4caa-b000-f93b7db8ed71,"Electrical works, Cologne site 397",Electrical,Cologne,220000.0,2026-09-02T23:00:31.989524+00:00,2026-09-29T01:23:39.461502+00:00,awarded
ae2e69e2-6c3f-4800-ac13-d7c3e1c72223,493d269e-adc9-4caa-b000-f93b7db8ed71,"Drywall works, Frankfurt site 684",Drywall,Frankfurt,1536000.0,2026-10-04T00:22:30.233834+00:00,2026-10-19T06:34:35.704063+00:00,open
c77b4fff-d114-4da1-b082-d7e6e6ace778,5738db52-126c-4e50-9d4f-4af28becb8cc,"Flooring works, Berlin site 599",Flooring,Berlin,135000.0,2026-10-06T01:16:07.231979+00:00,2026-11-05T23:52:15.571491+00:00,open
7d10bf9f-ca8b-4e4c-a6f7-b3d428af3b73,234bae09-da79-4686-8f06-c963e65664ac,"HVAC works, Hamburg site 168",HVAC,Hamburg,48000.0,2026-09-29T01:14:41.699824+00:00,2026-10-26T21:50:54.852687+00:00,open
91f29ea4-db02-4414-88e2-6a534954105b,234bae09-da79-4686-8f06-c963e65664ac,"Flooring works, Stuttgart site 367",Flooring,Stuttgart,470000.0,2026-08-11T23:45:00.899366+00:00,2026-08-29T21:20:16.037021+00:00,awarded
d545b254-09bc-4a80-ba88-7bed1c852510,234bae09-da79-4686-8f06-c963e65664ac,"Concrete works, Stuttgart site 497",Concrete,Stuttgart,13000.0,2026-09-29T03:45:20.850338+00:00,2026-11-03T01:18:14.628614+00:00,open
a9b24a99-0a82-40b6-84e5-7a9298d516b9,4a36a7c0-f0cc-4f56-9242-89ea39597465,"Concrete works, Leipzig site 615",Concrete,Leipzig,164000.0,2026-09-22T09:25:48.219791+00:00,2026-10-18T13:05:13.766908+00:00,open
f34e5ba1-dc07-405e-9762-8c8427180985,4a36a7c0-f0cc-4f56-9242-89ea39597465,"Scaffolding works, Leipzig site 356",Scaffolding,Leipzig,269000.0,2026-09-24T05:46:47.538350+00:00,2026-10-13T13:16:20.767548+00:00,open
104b5372-816e-45c2-8ab3-c590f262e145,4a36a7c0-f0cc-4f56-9242-89ea39597465,"Flooring works, Leipzig site 330",Flooring,Leipzig,54000.0,2026-09-24T19:37:52.565696+00:00,2026-10-21T15:11:37.975729+00:00,open
8c1046bf-24b3-4794-a93d-b7fa8e8ded45,e44d8dc2-b290-4892-8bc2-d46d0e807f03,"HVAC works, Frankfurt site 425",HVAC,Frankfurt,73000.0,2026-09-10T18:18:30.597367+00:00,2026-10-12T19:17:12.105287+00:00,open
af2f5f8b-1a92-46d6-a6c9-fd5424bb8796,e44d8dc2-b290-4892-8bc2-d46d0e807f03,"Painting works, Berlin site 339",Painting,Berlin,32000.0,2026-08-31T03:49:57.285494+00:00,2026-09-16T01:37:32.854252+00:00,awarded
79f73374-e92a-409b-92f1-8f28a61bdc7d,a9d06567-c1e1-48aa-ac96-af2754614433,"Facade works, Düsseldorf site 685",Facade,Düsseldorf,135000.0,2026-08-22T16:30:32.774478+00:00,2026-09-04T11:56:12.717124+00:00,awarded
7479d994-a2fe-4cb4-bcec-1791fae9df3f,a9d06567-c1e1-48aa-ac96-af2754614433,"Concrete works, Stuttgart site 590",Concrete,Stuttgart,108000.0,2026-09-10T03:00:58.476283+00:00,2026-10-09T07:57:02.002522+00:00,open
290a8303-e1c6-47c2-81d8-93a5ffc7aba2,a9d06567-c1e1-48aa-ac96-af2754614433,"Plumbing works, Düsseldorf site 476",Plumbing,Düsseldorf,189000.0,2026-09-28T03:16:11.259120+00:00,2026-10-24T18:56:42.894331+00:00,open
5a5a5dac-a062-4c48-9713-1c2e2001965b,edeac5b8-9cc8-42cd-bd42-11d1992033eb,"Facade works, Düsseldorf site 313",Facade,Düsseldorf,321000.0,2026-10-04T03:29:34.627147+00:00,2026-10-25T14:01:04.773411+00:00,open
661d3354-aa55-49af-9375-74b0567a25f8,06bf1fb7-0e2b-48c9-ae66-2c46057d4e28,"Flooring works, Stuttgart site 236",Flooring,Stuttgart,152000.0,2026-08-24T09:11:11.320929+00:00,2026-09-15T14:12:55.268698+00:00,closed
c393f806-dcc8-4801-8c57-3243769fce1a,6d44f723-b38a-4f82-ae02-0a88200f8ed9,"Scaffolding works, Cologne site 911",Scaffolding,Cologne,66000.0,2026-09-25T04:11:39.589322+00:00,2026-10-27T06:25:29.702611+00:00,open
debf96d3-c64a-48bf-b4aa-e84ad5382419,bf5a910f-69be-48c9-ba24-ec1902929d3d,"Concrete works, Stuttgart site 738",Concrete,Stuttgart,83000.0,2026-09-28T07:37:31.024199+00:00,2026-10-12T19:36:00.665396+00:00,open
b1a7fe09-061a-4396-b167-28eef1758208,9b2aeea6-2135-4574-8adb-8f79ff82bf84,"Facade works, Munich site 311",Facade,Munich,58000.0,2026-08-15T03:37:02.510706+00:00,2026-09-11T07:44:41.894257+00:00,closed
694a48b3-2693-4d95-b2a3-a8fbcd03a402,f1015bfe-4d7e-4c8e-b68f-f0dc718bf53a,"Flooring works, Munich site 424",Flooring,Munich,68000.0,2026-09-03T10:01:38.075979+00:00,2026-09-19T00:03:34.488838+00:00,closed
ad1abfd5-0909-4704-a03c-119aa0ca381c,f1015bfe-4d7e-4c8e-b68f-f0dc718bf53a,"Scaffolding works, Munich site 199",Scaffolding,Munich,160000.0,2026-08-12T17:05:49.844856+00:00,2026-08-31T23:38:51.504460+00:00,closed
be5b8a92-33f8-457c-9b50-73c7e6dc9c76,f1015bfe-4d7e-4c8e-b68f-f0dc718bf53a,"HVAC works, Munich site 254",HVAC,Munich,274000.0,2026-08-16T18:48:20.552941+00:00,2026-08-29T23:55:30.730102+00:00,closed
4da12b02-4a2c-4830-acdb-1625b41f5721,7c781b98-9f32-4d3e-b358-206db49bc1ef,"Concrete works, Hamburg site 203",Concrete,Hamburg,172000.0,2026-09-18T01:00:09.460060+00:00,2026-10-20T20:17:41.958051+00:00,open
8fc93778-2885-40d1-a8e0-c8009e482e45,7c781b98-9f32-4d3e-b358-206db49bc1ef,"HVAC works, Hamburg site 665",HVAC,Hamburg,191000.0,2026-09-16T21:16:03.956105+00:00,2026-10-02T15:23:07.760074+00:00,closed
e156df17-22b6-495e-8a14-b309c173d1d9,7429cf81-c3a2-45ff-a660-604f70b6052f,"Plumbing works, Hamburg site 490",Plumbing,Hamburg,91000.0,2026-09-21T22:36:52.996581+00:00,2026-10-06T13:11:22.862386+00:00,awarded
f8655d61-0515-4381-a4dc-668072847156,7429cf81-c3a2-45ff-a660-604f70b6052f,"Painting works, Munich site 603",Painting,Munich,485000.0,2026-09-02T01:43:34.848993+00:00,2026-10-06T18:58:37.457911+00:00,awarded
64c40063-ad68-43c6-8cd3-a6a49fc08086,7429cf81-c3a2-45ff-a660-604f70b6052f,"HVAC works, Leipzig site 253",HVAC,Leipzig,132000.0,2026-08-09T09:00:15.160124+00:00,2026-09-10T18:20:49.489866+00:00,awarded
fde02b7a-6af0-4bbd-971f-640de41bb3b9,61f14c98-dcde-4dc8-84d3-40e87ecfbfc6,"Concrete works, Munich site 273",Concrete,Munich,75000.0,2026-09-15T17:28:43.300548+00:00,2026-10-20T08:24:35.426702+00:00,open
a63f69ea-0d50-48fc-aab8-c610e7e399b8,61f14c98-dcde-4dc8-84d3-40e87ecfbfc6,"Electrical works, Munich site 344",Electrical,Munich,150000.0,2026-09-08T23:56:07.948038+00:00,2026-10-13T14:01:10.668780+00:00,open
8d204cf6-553a-4bad-948a-e202a8cf20c8,61f14c98-dcde-4dc8-84d3-40e87ecfbfc6,"Roofing works, Leipzig site 132",Roofing,Leipzig,203000.0,2026-09-08T23:56:07.948038+00:00,2026-09-28T18:14:43.375940+00:00,closed
5de63467-55ec-4b78-a009-4db3b265293e,e4a6bf51-c125-498e-9bd6-5690e8f94c88,"Electrical works, Frankfurt site 922",Electrical,Frankfurt,2108000.0,2026-09-02T11:09:37.128298+00:00,2026-09-23T04:55:46.778142+00:00,awarded
15538cc9-4444-46bd-8819-a23a7d23fd9a,0e9f52f7-c09d-457f-bc44-1fbcedb68854,"Roofing works, Stuttgart site 560",Roofing,Stuttgart,144000.0,2026-09-28T20:21:25.366369+00:00,2026-10-18T19:28:51.696596+00:00,open
5f96600d-2d56-4616-930c-d65b3e32b1b4,0e9f52f7-c09d-457f-bc44-1fbcedb68854,"Plumbing works, Hamburg site 166",Plumbing,Hamburg,122000.0,2026-09-06T15:18:07.988044+00:00,2026-09-21T05:58:05.407742+00:00,awarded
b44304e9-0e60-4c16-9f39-f9f99cd1126b,0e9f52f7-c09d-457f-bc44-1fbcedb68854,"Painting works, Hamburg site 242",Painting,Hamburg,16000.0,2026-08-16T05:55:11.831791+00:00,2026-09-07T20:15:40.059832+00:00,closed
52060f1c-630b-40db-9454-578fb78bf29d,cf6d2a9d-a72d-4bf4-884d-16c04021a347,"Drywall works, Stuttgart site 740",Drywall,Stuttgart,108000.0,2026-10-06T10:18:41.856603+00:00,2026-11-05T15:16:14.929121+00:00,open
9780fe9b-ad18-4723-bb47-d3a449be8766,cf6d2a9d-a72d-4bf4-884d-16c04021a347,"Scaffolding works, Leipzig site 985",Scaffolding,Leipzig,268000.0,2026-09-25T00:22:27.201487+00:00,2026-10-29T17:42:40.860549+00:00,open
f9046be7-934f-45c8-8ac0-68d3e0d02f5a,cf6d2a9d-a72d-4bf4-884d-16c04021a347,"Drywall works, Stuttgart site 293",Drywall,Stuttgart,279000.0,2026-09-06T17:00:40.225030+00:00,2026-09-20T12:55:38.477403+00:00,closed
4bf5cf0e-97a1-42a2-9606-be66a2a2d1a6,cf6d2a9d-a72d-4bf4-884d-16c04021a347,"Drywall works, Stuttgart site 715",Drywall,Stuttgart,68000.0,2026-09-25T14:53:26.266552+00:00,2026-10-15T00:18:23.169248+00:00,open
aefbe3b3-f7d7-45c0-a3fb-7b87a7a3bc7a,a34321bf-7aee-47df-9bd5-5037f7444596,"Drywall works, Düsseldorf site 357",Drywall,Düsseldorf,66000.0,2026-09-25T22:03:23.496922+00:00,2026-10-15T20:21:48.671266+00:00,open
722899a2-b752-4753-a60d-400fc3b1ef08,fdf1d205-b6ec-484e-b3a2-dc1d0f916e97,"Flooring works, Hamburg site 112",Flooring,Hamburg,29000.0,2026-08-14T09:32:12.228316+00:00,2026-08-27T18:52:47.012369+00:00,awarded
7366c606-51ae-4d48-96f8-3aa7ba266e87,fdf1d205-b6ec-484e-b3a2-dc1d0f916e97,"HVAC works, Hamburg site 466",HVAC,Hamburg,203000.0,2026-08-26T11:16:30.323880+00:00,2026-09-21T09:30:53.550751+00:00,awarded
5a575306-b0dc-40e8-8aee-5a682ba95b90,5f116839-9203-4fc2-9366-e938343c1752,"Drywall works, Stuttgart site 519",Drywall,Stuttgart,89000.0,2026-09-24T10:42:19.847852+00:00,2026-10-29T10:12:26.255414+00:00,open
27165ab6-73c1-4557-b6e2-6e93e62abbfe,5f116839-9203-4fc2-9366-e938343c1752,"Flooring works, Stuttgart site 245",Flooring,Stuttgart,179000.0,2026-09-24T10:42:19.847852+00:00,2026-10-25T21:57:48.095208+00:00,open
6640464a-263e-4670-a1d7-6730dec8bcbb,5f116839-9203-4fc2-9366-e938343c1752,"Painting works, Stuttgart site 474",Painting,Stuttgart,134000.0,2026-09-24T10:42:19.847852+00:00,2026-10-26T12:48:04.337178+00:00,open
058cdd44-32a0-4b53-965a-4a4245590d60,f9375fff-f146-46f1-b87e-d06b5fed5cb7,"Flooring works, Hamburg site 609",Flooring,Hamburg,78000.0,2026-09-25T19:20:04.753433+00:00,2026-10-09T23:41:23.130112+00:00,open
6ecfaab4-7fc7-4f6a-b946-51309b58e20a,f9375fff-f146-46f1-b87e-d06b5fed5cb7,"Drywall works, Hamburg site 545",Drywall,Hamburg,59000.0,2026-08-21T07:14:14.614868+00:00,2026-09-14T22:28:00.477787+00:00,closed
289a2abc-a1aa-4c49-8ed9-974ff4f48fdc,c8914d99-8218-4bb9-bdf6-8eb0c7e75797,"Flooring works, Cologne site 446",Flooring,Cologne,187000.0,2026-09-07T22:42:46.828031+00:00,2026-10-08T10:18:44.558310+00:00,open
dd357f0d-b042-4c62-8e9f-b2785f942c43,89f9c43e-6b07-4c79-bbe4-3aa78c58fff0,"Roofing works, Frankfurt site 231",Roofing,Frankfurt,29000.0,2026-09-29T11:12:53.181360+00:00,2026-10-14T10:39:32.657385+00:00,open
f8f79639-e6de-4c16-aa6d-ccb6a24565d4,3e3a0dfc-5424-4ae4-be78-af27e93bda3b,"Drywall works, Stuttgart site 587",Drywall,Stuttgart,267000.0,2026-09-24T07:09:39.578194+00:00,2026-10-13T19:13:25.444331+00:00,open
3cad3401-9c00-4b52-97c4-0530b5465c93,5cbf7ee6-ea25-4d83-9391-d18a8171d955,"Plumbing works, Cologne site 932",Plumbing,Cologne,259000.0,2026-09-17T02:58:07.299744+00:00,2026-10-03T14:15:54.807823+00:00,awarded
14d0945b-5257-4a5d-9fa4-b54f25fa9f8d,5cbf7ee6-ea25-4d83-9391-d18a8171d955,"HVAC works, Frankfurt site 641",HVAC,Frankfurt,95000.0,2026-10-05T12:17:02.797078+00:00,2026-10-29T06:20:03.435652+00:00,open
46b5b8f6-c51b-4922-8a91-6df731745b78,49714ec3-cbbd-4732-82a1-a4299b050a6c,"Concrete works, Munich site 828",Concrete,Munich,40000.0,2026-08-16T16:16:58.700858+00:00,2026-09-03T19:07:08.446350+00:00,awarded
51eddb85-f4e8-4b6c-85d3-708ac89f884f,49714ec3-cbbd-4732-82a1-a4299b050a6c,"Concrete works, Munich site 596",Concrete,Munich,136000.0,2026-09-17T08:24:54.414919+00:00,2026-10-18T07:43:30.064701+00:00,open
e28065d7-bc49-4467-8f81-0db2bbc1686b,49714ec3-cbbd-4732-82a1-a4299b050a6c,"Scaffolding works, Frankfurt site 299",Scaffolding,Frankfurt,106000.0,2026-08-29T13:14:20.401375+00:00,2026-10-02T13:54:12.903865+00:00,closed
0760d408-0678-4e13-8bcd-6e4d24e11716,6b2b0c27-1eec-4480-aab1-803803f89c7b,"Roofing works, Hamburg site 767",Roofing,Hamburg,145000.0,2026-08-26T07:38:08.900282+00:00,2026-09-26T22:19:36.344177+00:00,closed
506801b9-c22a-499a-b1b3-1c9198063af9,20a0c244-5ab7-48b2-ac1f-b2fce77d9bec,"Flooring works, Munich site 210",Flooring,Munich,341000.0,2026-08-09T01:41:28.847755+00:00,2026-08-31T08:15:41.469183+00:00,closed
0d6ba019-1fb8-43c2-8457-3e35f4c3559b,20a0c244-5ab7-48b2-ac1f-b2fce77d9bec,"Scaffolding works, Munich site 988",Scaffolding,Munich,59000.0,2026-08-31T20:53:11.524695+00:00,2026-09-19T10:04:32.118333+00:00,closed
9cf2f216-539c-4e4f-ad91-4e296541f574,20a0c244-5ab7-48b2-ac1f-b2fce77d9bec,"Electrical works, Stuttgart site 956",Electrical,Stuttgart,305000.0,2026-08-18T13:54:56.621092+00:00,2026-09-08T04:55:54.342221+00:00,closed
26cd4979-23d1-4c7f-9161-8b5eed4c8325,68ac039c-e921-4231-b2ea-ce11f32de530,"Plumbing works, Frankfurt site 204",Plumbing,Frankfurt,178000.0,2026-10-04T07:59:11.428415+00:00,2026-10-28T02:26:58.304771+00:00,open
11cfc46b-c037-4059-97f4-680169a2e466,68ac039c-e921-4231-b2ea-ce11f32de530,"Painting works, Frankfurt site 604",Painting,Frankfurt,84000.0,2026-09-22T18:58:17.113055+00:00,2026-10-22T03:32:36.602585+00:00,open
72d0c649-350e-42b2-907a-2b5816e7bff3,68ac039c-e921-4231-b2ea-ce11f32de530,"Plumbing works, Frankfurt site 262",Plumbing,Frankfurt,61000.0,2026-09-12T02:11:41.794569+00:00,2026-10-12T06:07:30.660481+00:00,open
3b8ff9d7-c22e-4fc4-b810-71770acc09da,01fe1d86-e545-4cc6-a6fa-466b15733a73,"Drywall works, Cologne site 256",Drywall,Cologne,63000.0,2026-09-03T18:04:09.521410+00:00,2026-09-16T23:02:23.940728+00:00,awarded
6a396c71-b276-4469-b6f9-57dcab6da9ab,01fe1d86-e545-4cc6-a6fa-466b15733a73,"Roofing works, Cologne site 663",Roofing,Cologne,43000.0,2026-09-13T07:17:07.596102+00:00,2026-10-07T00:56:30.326519+00:00,closed
d43bbf74-e609-456a-8257-909d5e3cff18,e5b58f30-8486-4583-906a-e95d0c5c9940,"HVAC works, Cologne site 268",HVAC,Cologne,82000.0,2026-09-07T15:50:10.203283+00:00,2026-09-27T16:41:41.187695+00:00,closed
c11161a7-339b-4275-95b6-eac128eccd72,473bccd4-84e6-478f-ae37-b72135ef2b60,"Painting works, Cologne site 722",Painting,Cologne,62000.0,2026-09-21T05:13:22.934827+00:00,2026-10-09T07:51:36.101952+00:00,open
a6c2b716-f7bd-4750-9a76-50dd720f2288,473bccd4-84e6-478f-ae37-b72135ef2b60,"Roofing works, Cologne site 787",Roofing,Cologne,102000.0,2026-09-21T05:13:22.934827+00:00,2026-10-12T05:57:22.120828+00:00,open
4c71b0d5-bf4d-493d-bc57-003e91f91586,1b2aa4e4-c0e3-44e7-9b2d-f807fd225cba,"Drywall works, Leipzig site 952",Drywall,Leipzig,143000.0,2026-10-04T04:45:35.961506+00:00,2026-11-03T16:55:08.255295+00:00,open
37809a0a-4098-4e31-97f3-b054e266c16f,0699576d-d288-406a-951f-03b17d058c07,"Drywall works, Munich site 623",Drywall,Munich,76000.0,2026-09-18T18:10:40.430501+00:00,2026-10-11T10:11:03.589928+00:00,open
cb8553f6-490c-4442-98c3-fa3d8f928bca,0699576d-d288-406a-951f-03b17d058c07,"Plumbing works, Leipzig site 783",Plumbing,Leipzig,206000.0,2026-08-09T14:04:54.201246+00:00,2026-09-04T10:16:56.953582+00:00,awarded
ba8f3e6c-61a4-4d19-b1ef-7e0a4daeac5c,7e45fee4-6ea8-4b32-a38d-9fb071c487bc,"Electrical works, Berlin site 681",Electrical,Berlin,56000.0,2026-08-17T08:21:13.729524+00:00,2026-09-12T14:11:40.467311+00:00,awarded
08f548e7-c53b-4c3a-8c26-fd2705bba5e4,7e45fee4-6ea8-4b32-a38d-9fb071c487bc,"Roofing works, Hamburg site 222",Roofing,Hamburg,65000.0,2026-08-23T21:17:45.780089+00:00,2026-09-13T11:05:35.604743+00:00,awarded
ae8c51f9-f3d2-4fd2-be87-dbaca2ff6996,7e45fee4-6ea8-4b32-a38d-9fb071c487bc,"Drywall works, Hamburg site 911",Drywall,Hamburg,95000.0,2026-08-15T07:14:46.069530+00:00,2026-09-14T17:09:12.410476+00:00,closed
7acf41f0-902f-4243-b3ef-baa905c66c4d,8349c078-bc4b-4732-a170-920c7416386b,"Facade works, Frankfurt site 164",Facade,Frankfurt,151000.0,2026-08-16T08:07:31.798463+00:00,2026-09-10T16:09:44.667791+00:00,closed
e5bc89c0-93a6-4684-8365-99fcf91070e0,a095c0d0-a26e-47da-b2fd-a085091f73f3,"Concrete works, Berlin site 145",Concrete,Berlin,151000.0,2026-10-04T21:24:53.797252+00:00,2026-10-28T07:59:33.649251+00:00,open
feef341b-007f-43cb-8f73-5afa72af6a55,a095c0d0-a26e-47da-b2fd-a085091f73f3,"Drywall works, Berlin site 765",Drywall,Berlin,20000.0,2026-09-20T21:16:33.275003+00:00,2026-10-18T07:48:06.489226+00:00,open
9919be91-16a2-4e58-9d31-626349592f6e,b9291d34-db6e-40ba-842c-a512f369c683,"Drywall works, Berlin site 476",Drywall,Berlin,87000.0,2026-09-24T22:06:34.474423+00:00,2026-10-23T02:08:10.623185+00:00,open
58c714f2-a3aa-4839-bc35-bc9a521a21a4,b9291d34-db6e-40ba-842c-a512f369c683,"Painting works, Munich site 516",Painting,Munich,43000.0,2026-09-26T23:40:32.724368+00:00,2026-10-24T03:13:25.312979+00:00,open
7e984064-e3b1-4fd8-806c-bd3fac334f9c,b9291d34-db6e-40ba-842c-a512f369c683,"Roofing works, Stuttgart site 791",Roofing,Stuttgart,109000.0,2026-09-24T22:06:34.474423+00:00,2026-10-14T21:53:41.517778+00:00,open
dc9eec0b-8a09-48b4-80f2-b34e7365949b,7bf6b2ad-5944-469c-a341-441c3c165571,"Painting works, Leipzig site 796",Painting,Leipzig,106000.0,2026-09-01T03:06:12.927373+00:00,2026-10-03T11:29:52.534237+00:00,awarded
34b0258b-cad2-47c2-90f6-4c6dfa2bdff7,1cc41c62-380b-44cb-98b6-66f84ba0768a,"Plumbing works, Munich site 944",Plumbing,Munich,137000.0,2026-09-04T18:48:42.621923+00:00,2026-10-05T22:04:59.036425+00:00,awarded
ef3bbcb5-4135-44d3-8108-cc5d9351a5da,1cc41c62-380b-44cb-98b6-66f84ba0768a,"Electrical works, Leipzig site 663",Electrical,Leipzig,134000.0,2026-09-30T01:19:43.144932+00:00,2026-10-23T14:05:32.722140+00:00,open
8c6743e1-5f92-49ec-8c02-7d43d622d179,65e92e49-b26c-4876-98fa-e8c71d10b6f6,"HVAC works, Frankfurt site 504",HVAC,Frankfurt,120000.0,2026-08-25T18:44:25.698177+00:00,2026-09-14T11:36:18.450824+00:00,closed
d597ea14-27dc-4857-b422-acb0a4d6c76c,52bcb64d-c594-48c5-8ff0-18450f90cd63,"HVAC works, Hamburg site 810",HVAC,Hamburg,209000.0,2026-09-12T14:01:29.539776+00:00,2026-10-11T20:53:20.532983+00:00,open
4d88136e-67f7-48de-817c-25773de8ca53,c44fc2a8-5a4a-46ae-a987-cfb255525e11,"Plumbing works, Frankfurt site 945",Plumbing,Frankfurt,29000.0,2026-09-26T23:55:00.111739+00:00,2026-10-11T11:25:21.995382+00:00,open
d3e14d83-2f8a-45db-b503-ae051efece73,c44fc2a8-5a4a-46ae-a987-cfb255525e11,"Electrical works, Stuttgart site 894",Electrical,Stuttgart,133000.0,2026-09-26T23:55:00.111739+00:00,2026-10-13T09:21:08.370086+00:00,open
57d9f647-4cda-4bf4-98f9-bfb4b2a43bf4,c44fc2a8-5a4a-46ae-a987-cfb255525e11,"Painting works, Berlin site 497",Painting,Berlin,75000.0,2026-09-26T23:55:00.111739+00:00,2026-10-11T17:34:43.380429+00:00,open
7fffa983-0811-40e9-ba1d-8ded7dc807a2,8d8e352b-3732-4d15-a9d4-45f354dd528c,"Scaffolding works, Frankfurt site 427",Scaffolding,Frankfurt,73000.0,2026-09-28T12:11:01.500475+00:00,2026-10-25T02:49:29.891397+00:00,open
e171582b-9ec7-4199-964d-ce39b047824a,8d8e352b-3732-4d15-a9d4-45f354dd528c,"Facade works, Düsseldorf site 459",Facade,Düsseldorf,338000.0,2026-09-28T12:11:01.500475+00:00,2026-10-28T20:35:12.732940+00:00,open
d4a42bf0-b96a-4305-bed1-d8f8153d2c6b,c5bcc4cd-a1ad-4f14-bae1-9f9c0634e0e6,"Roofing works, Frankfurt site 832",Roofing,Frankfurt,123000.0,2026-08-22T20:56:11.825982+00:00,2026-09-05T20:51:57.665170+00:00,closed
b43bf88c-c6f4-4468-8d78-e1c84f4ff145,c5bcc4cd-a1ad-4f14-bae1-9f9c0634e0e6,"Concrete works, Frankfurt site 975",Concrete,Frankfurt,81000.0,2026-09-16T18:01:00.383953+00:00,2026-10-12T15:12:31.661721+00:00,open
11b0830f-71c6-49a6-819c-84c4ef7f6e3f,c5bcc4cd-a1ad-4f14-bae1-9f9c0634e0e6,"Scaffolding works, Berlin site 614",Scaffolding,Berlin,50000.0,2026-10-01T01:17:46.137211+00:00,2026-10-28T18:46:00.753188+00:00,open
b2be520f-1e1f-46f7-95ed-e22d40d1ff56,c5bcc4cd-a1ad-4f14-bae1-9f9c0634e0e6,"Facade works, Berlin site 629",Facade,Berlin,86000.0,2026-09-03T07:38:23.768128+00:00,2026-10-03T17:57:42.385181+00:00,closed
3fc1428a-7c7a-4691-bb6d-eeca32f9bae0,0528d309-6a56-487d-bb8e-37e2c32bba73,"HVAC works, Hamburg site 105",HVAC,Hamburg,50000.0,2026-09-19T12:42:17.163294+00:00,2026-10-09T03:38:46.252068+00:00,open
9564d4c1-aedb-4262-9d95-b4d7570edab2,33e1f6f7-757a-4703-8628-1fb84d59f68e,"Roofing works, Berlin site 965",Roofing,Berlin,95000.0,2026-09-26T05:38:25.155362+00:00,2026-10-16T21:35:22.362824+00:00,open
fa926f97-bd87-4f11-a1ca-afcd23a2f59c,33e1f6f7-757a-4703-8628-1fb84d59f68e,"HVAC works, Berlin site 719",HVAC,Berlin,117000.0,2026-08-19T23:01:48.229989+00:00,2026-09-22T18:20:55.584142+00:00,closed
4766229e-0895-4f3c-b941-a6a46b2afb3a,61e5835e-3e9f-469a-81b0-1ca488800d17,"Painting works, Hamburg site 546",Painting,Hamburg,115000.0,2026-10-05T10:40:09.930887+00:00,2026-10-29T12:33:58.129069+00:00,open
e8180064-3e44-4305-ab55-920d81d231cb,61e5835e-3e9f-469a-81b0-1ca488800d17,"Painting works, Berlin site 996",Painting,Berlin,45000.0,2026-10-02T19:27:44.612797+00:00,2026-10-20T20:30:52.238804+00:00,open
a800d519-ca3d-41cc-b88a-a20e111b0acd,1be40ba9-902a-4019-ba0f-fa865eaca15d,"Facade works, Frankfurt site 289",Facade,Frankfurt,114000.0,2026-08-28T17:23:10.064469+00:00,2026-09-22T06:44:00.086900+00:00,closed
031d45fc-c9c0-4379-829c-34f70f5bc40c,910f445d-d6f3-4d9b-b918-a6e885fde9e9,"Flooring works, Stuttgart site 215",Flooring,Stuttgart,104000.0,2026-09-18T22:27:53.416636+00:00,2026-10-18T02:36:40.692666+00:00,open
a9fe494e-304c-4b39-b6ab-eff0cd1d19da,7ff3e818-8bab-4414-bd1d-3494cb712efd,"Painting works, Leipzig site 586",Painting,Leipzig,95000.0,2026-09-18T18:12:55.316015+00:00,2026-10-19T10:08:32.086266+00:00,open
db9bc56e-2080-493c-aac5-e8a325679f2a,7ff3e818-8bab-4414-bd1d-3494cb712efd,"Facade works, Hamburg site 622",Facade,Hamburg,3000.0,2026-09-26T11:36:24.576136+00:00,2026-10-21T04:52:50.848575+00:00,open
6e8f19bc-c09b-41e4-8f46-bb1168094564,dfcc8eb4-bfbe-4892-a3ce-37db7cb8b49d,"Painting works, Frankfurt site 143",Painting,Frankfurt,294000.0,2026-08-30T16:00:08.283947+00:00,2026-09-21T04:15:32.618866+00:00,awarded
a2a5ef39-c163-4f1b-9f32-f343a562f0a0,34579c7f-af5d-499c-85f3-cb124a4a5612,"Scaffolding works, Düsseldorf site 261",Scaffolding,Düsseldorf,43000.0,2026-08-23T11:43:15.704280+00:00,2026-09-07T10:00:18.628004+00:00,awarded
c6ec9e60-e443-4474-b458-6ea415b83fa6,34579c7f-af5d-499c-85f3-cb124a4a5612,"Flooring works, Stuttgart site 249",Flooring,Stuttgart,61000.0,2026-10-02T05:28:19.975651+00:00,2026-10-28T00:34:25.824483+00:00,open
eb59003a-53bc-4611-9af4-ab8a8908d3f9,34579c7f-af5d-499c-85f3-cb124a4a5612,"Painting works, Stuttgart site 415",Painting,Stuttgart,278000.0,2026-08-29T07:06:51.840220+00:00,2026-10-02T23:45:40.160569+00:00,awarded
b1012b0f-174a-4825-964a-90627825e2f0,2de1bda4-6a92-447b-9154-00a60283a43b,"Facade works, Munich site 601",Facade,Munich,120000.0,2026-08-18T03:00:27.954516+00:00,2026-09-12T16:26:43.777412+00:00,awarded
52fc6f48-e7e3-47c4-ad44-1085502426c6,2de1bda4-6a92-447b-9154-00a60283a43b,"Scaffolding works, Berlin site 345",Scaffolding,Berlin,115000.0,2026-08-12T12:58:43.987126+00:00,2026-09-13T15:50:30.203376+00:00,closed
a8bb81dc-ab70-4385-ac81-4f559906d534,2de1bda4-6a92-447b-9154-00a60283a43b,"Flooring works, Berlin site 292",Flooring,Berlin,36000.0,2026-08-18T22:30:34.600936+00:00,2026-09-11T20:15:51.925356+00:00,closed
e04b1533-b905-47b6-b97e-e8301e018646,59b7463f-1117-4840-a80d-4e22982e2afd,"Scaffolding works, Frankfurt site 398",Scaffolding,Frankfurt,129000.0,2026-09-17T17:00:46.476492+00:00,2026-10-18T01:31:32.965596+00:00,open
7bfdec74-6441-411e-bee1-db8e5fffe8e6,59b7463f-1117-4840-a80d-4e22982e2afd,"Plumbing works, Leipzig site 834",Plumbing,Leipzig,43000.0,2026-08-23T23:40:05.245914+00:00,2026-09-24T02:02:34.790857+00:00,awarded
cfdea771-305d-4749-9109-2f7a00d61c63,ef2ecdc9-673c-484b-8459-61729fdf4b1b,"Flooring works, Düsseldorf site 360",Flooring,Düsseldorf,332000.0,2026-08-31T21:40:39.627369+00:00,2026-09-18T17:04:38.559031+00:00,awarded
fb5078f7-a0cb-4eca-ad7e-39bcfb48ac14,6208c875-c41c-433d-a513-964e965a693e,"Drywall works, Hamburg site 601",Drywall,Hamburg,131000.0,2026-09-20T07:23:19.963734+00:00,2026-10-15T08:37:23.838835+00:00,open
0df3da58-fe83-4c05-8d21-fb86c2978392,6208c875-c41c-433d-a513-964e965a693e,"Plumbing works, Hamburg site 142",Plumbing,Hamburg,207000.0,2026-09-13T19:55:19.022924+00:00,2026-09-28T13:51:19.677106+00:00,awarded
0f5449d1-910a-4ebf-a909-3889e42cfe33,edf6cca4-1761-41ce-b768-d6aafd34d21e,"Flooring works, Stuttgart site 110",Flooring,Stuttgart,159000.0,2026-09-13T16:51:06.930980+00:00,2026-10-16T23:51:52.978773+00:00,open
05e05148-26d6-404f-bc82-3de9d73c9259,62b215ad-c61f-48b1-a097-5bc064abd035,"Roofing works, Stuttgart site 666",Roofing,Stuttgart,171000.0,2026-09-23T15:36:39.687746+00:00,2026-10-19T12:49:55.414268+00:00,open
9d37c5a6-bd8e-480c-923c-cd6417576cc8,6fef2c5d-d702-4edd-a494-0bbdb61ae1b0,"Facade works, Munich site 376",Facade,Munich,170000.0,2026-08-10T15:19:43.249919+00:00,2026-08-31T10:53:41.355840+00:00,closed
abd13f1a-3d20-4440-80cf-a44d1b7db566,ba7e6b51-5892-471a-ab87-aea4c54f87ad,"Plumbing works, Frankfurt site 415",Plumbing,Frankfurt,48000.0,2026-09-22T09:02:38.299901+00:00,2026-10-18T09:32:49.739722+00:00,open
bd39e09d-267f-4a83-b149-7c7171b2b47a,ebeb9d98-80b7-40a6-80f6-6fdeea725584,"HVAC works, Berlin site 493",HVAC,Berlin,24000.0,2026-09-10T07:58:50.674891+00:00,2026-09-27T16:08:40.222056+00:00,awarded
71335445-d695-447a-a34d-75499d9a70e1,ebeb9d98-80b7-40a6-80f6-6fdeea725584,"Electrical works, Berlin site 721",Electrical,Berlin,58000.0,2026-08-16T00:32:34.541503+00:00,2026-09-04T21:29:10.715553+00:00,closed
67b4c897-5a6f-4b6b-9070-2efc37ca273b,ebeb9d98-80b7-40a6-80f6-6fdeea725584,"Plumbing works, Cologne site 380",Plumbing,Cologne,57000.0,2026-08-18T06:38:38.358271+00:00,2026-09-14T23:48:49.282671+00:00,closed
b68bbbc6-73c6-4188-908f-d94bb294a9b6,9b8826ed-ff4a-4185-b886-f504ed758b74,"Scaffolding works, Frankfurt site 919",Scaffolding,Frankfurt,79000.0,2026-09-08T22:38:13.313450+00:00,2026-09-21T12:02:14.538032+00:00,awarded
e95e8740-5dd9-4744-84e5-27ea3a82b37c,9b8826ed-ff4a-4185-b886-f504ed758b74,"Flooring works, Frankfurt site 366",Flooring,Frankfurt,95000.0,2026-09-10T09:10:00.672859+00:00,2026-10-02T03:17:27.341807+00:00,awarded
17087003-3a84-4b35-82bd-e8050c485217,d8868de4-d585-4f0b-ab69-1bd21533fe82,"Electrical works, Stuttgart site 824",Electrical,Stuttgart,136000.0,2026-09-01T07:25:03.655036+00:00,2026-10-01T22:36:58.142411+00:00,closed
ea7c8b0c-defa-4d4a-874c-a8796f96bbff,d8868de4-d585-4f0b-ab69-1bd21533fe82,"Roofing works, Berlin site 290",Roofing,Berlin,54000.0,2026-08-12T16:01:27.773291+00:00,2026-09-04T02:08:09.745503+00:00,awarded
e5199bd9-6c5b-47b6-b127-f7bd78623252,e5d20eae-5104-4a0c-a650-8af4d9259a4b,"Plumbing works, Frankfurt site 271",Plumbing,Frankfurt,12000.0,2026-10-01T05:05:41.867159+00:00,2026-10-14T09:52:47.463315+00:00,open
1fc775eb-88b1-4a44-adc1-49ddc87c1935,4688d612-0b64-4782-b182-96af2c2e8ba0,"HVAC works, Cologne site 897",HVAC,Cologne,78000.0,2026-08-25T14:48:34.271530+00:00,2026-09-08T04:00:15.986616+00:00,awarded
83641560-45b7-483c-842f-7d592bfaba2d,1691c83a-7687-453e-ae26-5c9590f1c7ee,"Electrical works, Berlin site 932",Electrical,Berlin,22000.0,2026-08-12T15:49:34.054229+00:00,2026-08-30T07:25:22.862915+00:00,closed
92e8c8b1-5e00-4828-9593-5e799be5662a,d659d69f-4eca-4266-bf29-d615f1780077,"Plumbing works, Frankfurt site 901",Plumbing,Frankfurt,63000.0,2026-10-03T19:17:41.674186+00:00,2026-10-19T09:21:24.854664+00:00,open
002593ed-22ca-4f04-a09e-ee72fb9c7872,d5d4999b-39d8-4a14-a9fa-c66650c74b31,"Scaffolding works, Hamburg site 394",Scaffolding,Hamburg,73000.0,2026-09-30T04:09:57.594037+00:00,2026-10-17T21:10:50.039417+00:00,open
85082f78-f17b-45ef-a5b8-f158f64c81bf,a18af249-d45a-4de3-b31d-c76f85e620fe,"Flooring works, Leipzig site 462",Flooring,Leipzig,281000.0,2026-09-13T08:24:24.174758+00:00,2026-10-07T19:17:51.279226+00:00,open
dba117ce-80ce-4afc-aab9-aa52685d9acf,a18af249-d45a-4de3-b31d-c76f85e620fe,"Roofing works, Frankfurt site 611",Roofing,Frankfurt,179000.0,2026-08-18T05:40:11.275801+00:00,2026-09-08T13:20:21.967343+00:00,awarded
c66b1f52-6f7f-4354-b72f-9fb6041b4c79,57992f42-351b-4e63-89e7-85c7cbd8715e,"Concrete works, Frankfurt site 753",Concrete,Frankfurt,199000.0,2026-09-18T23:37:59.663346+00:00,2026-10-01T12:48:45.752073+00:00,awarded
